タイトル,別タイトル,別タイトル（題簽題）,注記,冊,請求記号,作成者,画像数,備考,ID,ウェブサイトURL,アイテムURL,利用条件,サムネイル,機械可読ドキュメント,帰属,viewingDirection,viewingHint,コレクション,ソート用項目,西暦,IIIFマニフェストURI,IIIF Search API URI,アノテーション付きIIIFマニフェストURI,Link to TAPAS Project,Text with Rich Text Format,# of media
dcterms:title,dcterms:alternative,dcndl:alternative,archiveshub:note,dcndl:volume,dcndl:callNumber,dcterms:creator,dcterms:extent,bibo:shortDescription,bibo:identifier,dcterms:isPartOf,dcterms:relation,dcterms:rights,foaf:thumbnail,rdfs:seeAlso,sc:attributionLabel,sc:viewingDirection,sc:viewingHint,uterms:databaseLabel,uterms:sort,uterms:year,uterms:manifestUri,uterms:searchApiUri,uterms:annotedManifest,uterms:linkToTapas,uterms:rtf,14003
捃拾帖 一,,,安政五年 同六年,第1冊,A00:6010,田中芳男,52,,d230f1f8-5929-4138-bb28-1108d77fd32a,https://iiif.dl.itc.u-tokyo.ac.jp/repo/s/tanaka,https://iiif.dl.itc.u-tokyo.ac.jp/repo/s/tanaka/document/d230f1f8-5929-4138-bb28-1108d77fd32a,https://www.lib.u-tokyo.ac.jp/ja/library/contents/archives-top/reuse,"https://iiif.dl.itc.u-tokyo.ac.jp/repo/iiif-img/154118/full/200,151/0/default.jpg",https://iiif.dl.itc.u-tokyo.ac.jp/repo/api/items/25280,"東京大学総合図書館 General Library in the University of Tokyo, JAPAN",http://iiif.io/api/presentation/2#rightToLeftDirection,,田中芳男・博物学コレクション,00000001,,https://iiif.dl.itc.u-tokyo.ac.jp/repo/iiif/d230f1f8-5929-4138-bb28-1108d77fd32a/manifest,,,,,52
捃拾帖 二,,,,第2冊,A00:6010,田中芳男,48,,64945590-996a-4b3b-876e-36b0662cf6dc,https://iiif.dl.itc.u-tokyo.ac.jp/repo/s/tanaka,https://iiif.dl.itc.u-tokyo.ac.jp/repo/s/tanaka/document/64945590-996a-4b3b-876e-36b0662cf6dc,https://www.lib.u-tokyo.ac.jp/ja/library/contents/archives-top/reuse,"https://iiif.dl.itc.u-tokyo.ac.jp/repo/iiif-img/154170/full/200,151/0/default.jpg",https://iiif.dl.itc.u-tokyo.ac.jp/repo/api/items/25199,"東京大学総合図書館 General Library in the University of Tokyo, JAPAN",http://iiif.io/api/presentation/2#rightToLeftDirection,,田中芳男・博物学コレクション,00000002,,https://iiif.dl.itc.u-tokyo.ac.jp/repo/iiif/64945590-996a-4b3b-876e-36b0662cf6dc/manifest,,,,,48
捃拾帖 三,,,,第3冊,A00:6010,田中芳男,65,,69cf4ccb-2fc5-43f9-9eb8-1a54e1ca3c35,https://iiif.dl.itc.u-tokyo.ac.jp/repo/s/tanaka,https://iiif.dl.itc.u-tokyo.ac.jp/repo/s/tanaka/document/69cf4ccb-2fc5-43f9-9eb8-1a54e1ca3c35,https://www.lib.u-tokyo.ac.jp/ja/library/contents/archives-top/reuse,"https://iiif.dl.itc.u-tokyo.ac.jp/repo/iiif-img/154218/full/200,151/0/default.jpg",https://iiif.dl.itc.u-tokyo.ac.jp/repo/api/items/25228,"東京大学総合図書館 General Library in the University of Tokyo, JAPAN",http://iiif.io/api/presentation/2#rightToLeftDirection,,田中芳男・博物学コレクション,00000003,,https://iiif.dl.itc.u-tokyo.ac.jp/repo/iiif/69cf4ccb-2fc5-43f9-9eb8-1a54e1ca3c35/manifest,,,,,65
捃拾帖 四,,,江戸土産 一,第4冊,A00:6010,田中芳男,64,,dc100a27-bdd9-47f1-8d55-ecc0c1f6db1f,https://iiif.dl.itc.u-tokyo.ac.jp/repo/s/tanaka,https://iiif.dl.itc.u-tokyo.ac.jp/repo/s/tanaka/document/dc100a27-bdd9-47f1-8d55-ecc0c1f6db1f,https://www.lib.u-tokyo.ac.jp/ja/library/contents/archives-top/reuse,"https://iiif.dl.itc.u-tokyo.ac.jp/repo/iiif-img/154283/full/200,151/0/default.jpg",https://iiif.dl.itc.u-tokyo.ac.jp/repo/api/items/25192,"東京大学総合図書館 General Library in the University of Tokyo, JAPAN",http://iiif.io/api/presentation/2#rightToLeftDirection,,田中芳男・博物学コレクション,00000004,,https://iiif.dl.itc.u-tokyo.ac.jp/repo/iiif/dc100a27-bdd9-47f1-8d55-ecc0c1f6db1f/manifest,,,,,64
捃拾帖 五,,,江戸土産 二,第5冊,A00:6010,田中芳男,60,,0ad3333a-e5e8-4a6e-8468-38a15250ee2a,https://iiif.dl.itc.u-tokyo.ac.jp/repo/s/tanaka,https://iiif.dl.itc.u-tokyo.ac.jp/repo/s/tanaka/document/0ad3333a-e5e8-4a6e-8468-38a15250ee2a,https://www.lib.u-tokyo.ac.jp/ja/library/contents/archives-top/reuse,"https://iiif.dl.itc.u-tokyo.ac.jp/repo/iiif-img/154347/full/200,151/0/default.jpg",https://iiif.dl.itc.u-tokyo.ac.jp/repo/api/items/25222,"東京大学総合図書館 General Library in the University of Tokyo, JAPAN",http://iiif.io/api/presentation/2#rightToLeftDirection,,田中芳男・博物学コレクション,00000005,,https://iiif.dl.itc.u-tokyo.ac.jp/repo/iiif/0ad3333a-e5e8-4a6e-8468-38a15250ee2a/manifest,,,,,60
捃拾帖 六,,,江戸土産 三,第6冊,A00:6010,田中芳男,71,,c3f81395-eb01-43c2-a7ef-61a87abeb84d,https://iiif.dl.itc.u-tokyo.ac.jp/repo/s/tanaka,https://iiif.dl.itc.u-tokyo.ac.jp/repo/s/tanaka/document/c3f81395-eb01-43c2-a7ef-61a87abeb84d,https://www.lib.u-tokyo.ac.jp/ja/library/contents/archives-top/reuse,"https://iiif.dl.itc.u-tokyo.ac.jp/repo/iiif-img/154407/full/200,151/0/default.jpg",https://iiif.dl.itc.u-tokyo.ac.jp/repo/api/items/25235,"東京大学総合図書館 General Library in the University of Tokyo, JAPAN",http://iiif.io/api/presentation/2#rightToLeftDirection,,田中芳男・博物学コレクション,00000006,,https://iiif.dl.itc.u-tokyo.ac.jp/repo/iiif/c3f81395-eb01-43c2-a7ef-61a87abeb84d/manifest,,,,,71
捃拾帖 七,,,江戸土産 四 諸国之部,第7冊,A00:6010,田中芳男,76,,c4c6cfea-78f1-4f43-ac2a-658cd230e9e0,https://iiif.dl.itc.u-tokyo.ac.jp/repo/s/tanaka,https://iiif.dl.itc.u-tokyo.ac.jp/repo/s/tanaka/document/c4c6cfea-78f1-4f43-ac2a-658cd230e9e0,https://www.lib.u-tokyo.ac.jp/ja/library/contents/archives-top/reuse,"https://iiif.dl.itc.u-tokyo.ac.jp/repo/iiif-img/154478/full/200,151/0/default.jpg",https://iiif.dl.itc.u-tokyo.ac.jp/repo/api/items/25258,"東京大学総合図書館 General Library in the University of Tokyo, JAPAN",http://iiif.io/api/presentation/2#rightToLeftDirection,,田中芳男・博物学コレクション,00000007,,https://iiif.dl.itc.u-tokyo.ac.jp/repo/iiif/c4c6cfea-78f1-4f43-ac2a-658cd230e9e0/manifest,,,,,76
捃拾帖 八,,,大阪之部,第8冊,A00:6010,田中芳男,30,,30e8938e-030b-4696-abfa-af83b744b5e3,https://iiif.dl.itc.u-tokyo.ac.jp/repo/s/tanaka,https://iiif.dl.itc.u-tokyo.ac.jp/repo/s/tanaka/document/30e8938e-030b-4696-abfa-af83b744b5e3,https://www.lib.u-tokyo.ac.jp/ja/library/contents/archives-top/reuse,"https://iiif.dl.itc.u-tokyo.ac.jp/repo/iiif-img/154554/full/200,151/0/default.jpg",https://iiif.dl.itc.u-tokyo.ac.jp/repo/api/items/25234,"東京大学総合図書館 General Library in the University of Tokyo, JAPAN",http://iiif.io/api/presentation/2#rightToLeftDirection,,田中芳男・博物学コレクション,00000008,,https://iiif.dl.itc.u-tokyo.ac.jp/repo/iiif/30e8938e-030b-4696-abfa-af83b744b5e3/manifest,,,,,30
捃拾帖 九,,,大阪之部,第9冊,A00:6010,田中芳男,33,折本。「表紙」「表面・見開き(2面)」「裏表紙」「裏面・見開き(2面)」の順番で撮影。 ,ae3d341e-14cd-4903-bfe3-e101e4431eaa,https://iiif.dl.itc.u-tokyo.ac.jp/repo/s/tanaka,https://iiif.dl.itc.u-tokyo.ac.jp/repo/s/tanaka/document/ae3d341e-14cd-4903-bfe3-e101e4431eaa,https://www.lib.u-tokyo.ac.jp/ja/library/contents/archives-top/reuse,"https://iiif.dl.itc.u-tokyo.ac.jp/repo/iiif-img/154584/full/200,151/0/default.jpg",https://iiif.dl.itc.u-tokyo.ac.jp/repo/api/items/25197,"東京大学総合図書館 General Library in the University of Tokyo, JAPAN",http://iiif.io/api/presentation/2#rightToLeftDirection,,田中芳男・博物学コレクション,00000009,,https://iiif.dl.itc.u-tokyo.ac.jp/repo/iiif/ae3d341e-14cd-4903-bfe3-e101e4431eaa/manifest,,,,,33
捃拾帖 十,,,諸国之部,第10冊,A00:6010,田中芳男,54,,d1c6c567-4bfa-464d-afd0-c70cbab52729,https://iiif.dl.itc.u-tokyo.ac.jp/repo/s/tanaka,https://iiif.dl.itc.u-tokyo.ac.jp/repo/s/tanaka/document/d1c6c567-4bfa-464d-afd0-c70cbab52729,https://www.lib.u-tokyo.ac.jp/ja/library/contents/archives-top/reuse,"https://iiif.dl.itc.u-tokyo.ac.jp/repo/iiif-img/154617/full/200,151/0/default.jpg",https://iiif.dl.itc.u-tokyo.ac.jp/repo/api/items/25226,"東京大学総合図書館 General Library in the University of Tokyo, JAPAN",http://iiif.io/api/presentation/2#rightToLeftDirection,,田中芳男・博物学コレクション,00000010,,https://iiif.dl.itc.u-tokyo.ac.jp/repo/iiif/d1c6c567-4bfa-464d-afd0-c70cbab52729/manifest,,,,,54
捃拾帖 十一,,,江戸土産 五 諸国之部,第11冊,A00:6010,田中芳男,82,,d09a5554-d84d-4f0f-b6e9-102755e7c2fa,https://iiif.dl.itc.u-tokyo.ac.jp/repo/s/tanaka,https://iiif.dl.itc.u-tokyo.ac.jp/repo/s/tanaka/document/d09a5554-d84d-4f0f-b6e9-102755e7c2fa,https://www.lib.u-tokyo.ac.jp/ja/library/contents/archives-top/reuse,"https://iiif.dl.itc.u-tokyo.ac.jp/repo/iiif-img/154671/full/200,151/0/default.jpg",https://iiif.dl.itc.u-tokyo.ac.jp/repo/api/items/25267,"東京大学総合図書館 General Library in the University of Tokyo, JAPAN",http://iiif.io/api/presentation/2#rightToLeftDirection,,田中芳男・博物学コレクション,00000011,,https://iiif.dl.itc.u-tokyo.ac.jp/repo/iiif/d09a5554-d84d-4f0f-b6e9-102755e7c2fa/manifest,,,,,82
捃拾帖 十二,,,明治四年春ヨリ 東京之部,第12冊,A00:6010,田中芳男,78,,5e106c1e-aa24-46c6-ba69-3a5a289a73a5,https://iiif.dl.itc.u-tokyo.ac.jp/repo/s/tanaka,https://iiif.dl.itc.u-tokyo.ac.jp/repo/s/tanaka/document/5e106c1e-aa24-46c6-ba69-3a5a289a73a5,https://www.lib.u-tokyo.ac.jp/ja/library/contents/archives-top/reuse,"https://iiif.dl.itc.u-tokyo.ac.jp/repo/iiif-img/154753/full/200,151/0/default.jpg",https://iiif.dl.itc.u-tokyo.ac.jp/repo/api/items/25227,"東京大学総合図書館 General Library in the University of Tokyo, JAPAN",http://iiif.io/api/presentation/2#rightToLeftDirection,,田中芳男・博物学コレクション,00000012,,https://iiif.dl.itc.u-tokyo.ac.jp/repo/iiif/5e106c1e-aa24-46c6-ba69-3a5a289a73a5/manifest,,,,,78
捃拾帖 十三,,,明治四年春ヨリ 諸国之部并銅鐫図,第13冊,A00:6010,田中芳男,45,,de25754d-12ff-4fd4-850c-976ec5651c8d,https://iiif.dl.itc.u-tokyo.ac.jp/repo/s/tanaka,https://iiif.dl.itc.u-tokyo.ac.jp/repo/s/tanaka/document/de25754d-12ff-4fd4-850c-976ec5651c8d,https://www.lib.u-tokyo.ac.jp/ja/library/contents/archives-top/reuse,"https://iiif.dl.itc.u-tokyo.ac.jp/repo/iiif-img/154831/full/200,151/0/default.jpg",https://iiif.dl.itc.u-tokyo.ac.jp/repo/api/items/25256,"東京大学総合図書館 General Library in the University of Tokyo, JAPAN",http://iiif.io/api/presentation/2#rightToLeftDirection,,田中芳男・博物学コレクション,00000013,,https://iiif.dl.itc.u-tokyo.ac.jp/repo/iiif/de25754d-12ff-4fd4-850c-976ec5651c8d/manifest,,,,,45
捃拾帖 十四,,,(貼紙)「明治五年九月九日新橋横浜始乃冊」,第14冊,A00:6010,田中芳男,55,,d31a5d15-afe1-411d-abaa-ed9263d5c800,https://iiif.dl.itc.u-tokyo.ac.jp/repo/s/tanaka,https://iiif.dl.itc.u-tokyo.ac.jp/repo/s/tanaka/document/d31a5d15-afe1-411d-abaa-ed9263d5c800,https://www.lib.u-tokyo.ac.jp/ja/library/contents/archives-top/reuse,"https://iiif.dl.itc.u-tokyo.ac.jp/repo/iiif-img/154876/full/200,151/0/default.jpg",https://iiif.dl.itc.u-tokyo.ac.jp/repo/api/items/25251,"東京大学総合図書館 General Library in the University of Tokyo, JAPAN",http://iiif.io/api/presentation/2#rightToLeftDirection,,田中芳男・博物学コレクション,00000014,,https://iiif.dl.itc.u-tokyo.ac.jp/repo/iiif/d31a5d15-afe1-411d-abaa-ed9263d5c800/manifest,,,,,55
捃拾帖 十五,,,,第15冊,A00:6010,田中芳男,82,,2c9e47b9-821a-42e1-84ed-9457929e7c7c,https://iiif.dl.itc.u-tokyo.ac.jp/repo/s/tanaka,https://iiif.dl.itc.u-tokyo.ac.jp/repo/s/tanaka/document/2c9e47b9-821a-42e1-84ed-9457929e7c7c,https://www.lib.u-tokyo.ac.jp/ja/library/contents/archives-top/reuse,"https://iiif.dl.itc.u-tokyo.ac.jp/repo/iiif-img/154931/full/200,151/0/default.jpg",https://iiif.dl.itc.u-tokyo.ac.jp/repo/api/items/25203,"東京大学総合図書館 General Library in the University of Tokyo, JAPAN",http://iiif.io/api/presentation/2#rightToLeftDirection,,田中芳男・博物学コレクション,00000015,,https://iiif.dl.itc.u-tokyo.ac.jp/repo/iiif/2c9e47b9-821a-42e1-84ed-9457929e7c7c/manifest,,,,,82
捃拾帖 十六,,,,第16冊,A00:6010,田中芳男,73,,39efadf4-2c5e-45e9-ac71-4fad6289c031,https://iiif.dl.itc.u-tokyo.ac.jp/repo/s/tanaka,https://iiif.dl.itc.u-tokyo.ac.jp/repo/s/tanaka/document/39efadf4-2c5e-45e9-ac71-4fad6289c031,https://www.lib.u-tokyo.ac.jp/ja/library/contents/archives-top/reuse,"https://iiif.dl.itc.u-tokyo.ac.jp/repo/iiif-img/155013/full/200,151/0/default.jpg",https://iiif.dl.itc.u-tokyo.ac.jp/repo/api/items/25217,"東京大学総合図書館 General Library in the University of Tokyo, JAPAN",http://iiif.io/api/presentation/2#rightToLeftDirection,,田中芳男・博物学コレクション,00000016,,https://iiif.dl.itc.u-tokyo.ac.jp/repo/iiif/39efadf4-2c5e-45e9-ac71-4fad6289c031/manifest,,,,,73
捃拾帖 十七,,,,第17冊,A00:6010,田中芳男,89,,0fc5274d-3268-413b-9003-abf62990b767,https://iiif.dl.itc.u-tokyo.ac.jp/repo/s/tanaka,https://iiif.dl.itc.u-tokyo.ac.jp/repo/s/tanaka/document/0fc5274d-3268-413b-9003-abf62990b767,https://www.lib.u-tokyo.ac.jp/ja/library/contents/archives-top/reuse,"https://iiif.dl.itc.u-tokyo.ac.jp/repo/iiif-img/155086/full/200,151/0/default.jpg",https://iiif.dl.itc.u-tokyo.ac.jp/repo/api/items/25252,"東京大学総合図書館 General Library in the University of Tokyo, JAPAN",http://iiif.io/api/presentation/2#rightToLeftDirection,,田中芳男・博物学コレクション,00000017,,https://iiif.dl.itc.u-tokyo.ac.jp/repo/iiif/0fc5274d-3268-413b-9003-abf62990b767/manifest,,,,,89
捃拾帖 十八,,,十四年博覧会集ムル所及其外共 十六年三月張込,第18冊,A00:6010,田中芳男,103,,f4a66780-da62-4519-8fcb-99e0f2e3cb01,https://iiif.dl.itc.u-tokyo.ac.jp/repo/s/tanaka,https://iiif.dl.itc.u-tokyo.ac.jp/repo/s/tanaka/document/f4a66780-da62-4519-8fcb-99e0f2e3cb01,https://www.lib.u-tokyo.ac.jp/ja/library/contents/archives-top/reuse,"https://iiif.dl.itc.u-tokyo.ac.jp/repo/iiif-img/155175/full/200,151/0/default.jpg",https://iiif.dl.itc.u-tokyo.ac.jp/repo/api/items/25233,"東京大学総合図書館 General Library in the University of Tokyo, JAPAN",http://iiif.io/api/presentation/2#rightToLeftDirection,,田中芳男・博物学コレクション,00000018,,https://iiif.dl.itc.u-tokyo.ac.jp/repo/iiif/f4a66780-da62-4519-8fcb-99e0f2e3cb01/manifest,,,,,103
捃拾帖 十九,,,十六年九月成,第19冊,A00:6010,田中芳男,73,,87c6ab5d-eeb2-4b73-8c2c-8a6044b667de,https://iiif.dl.itc.u-tokyo.ac.jp/repo/s/tanaka,https://iiif.dl.itc.u-tokyo.ac.jp/repo/s/tanaka/document/87c6ab5d-eeb2-4b73-8c2c-8a6044b667de,https://www.lib.u-tokyo.ac.jp/ja/library/contents/archives-top/reuse,"https://iiif.dl.itc.u-tokyo.ac.jp/repo/iiif-img/155278/full/200,151/0/default.jpg",https://iiif.dl.itc.u-tokyo.ac.jp/repo/api/items/25240,"東京大学総合図書館 General Library in the University of Tokyo, JAPAN",http://iiif.io/api/presentation/2#rightToLeftDirection,,田中芳男・博物学コレクション,00000019,,https://iiif.dl.itc.u-tokyo.ac.jp/repo/iiif/87c6ab5d-eeb2-4b73-8c2c-8a6044b667de/manifest,,,,,73
捃拾帖 二十,,,明治十七年三月迄之分貼附,第20冊,A00:6010,田中芳男,95,,7261622d-75b5-494b-bd55-e56036845651,https://iiif.dl.itc.u-tokyo.ac.jp/repo/s/tanaka,https://iiif.dl.itc.u-tokyo.ac.jp/repo/s/tanaka/document/7261622d-75b5-494b-bd55-e56036845651,https://www.lib.u-tokyo.ac.jp/ja/library/contents/archives-top/reuse,"https://iiif.dl.itc.u-tokyo.ac.jp/repo/iiif-img/155351/full/200,151/0/default.jpg",https://iiif.dl.itc.u-tokyo.ac.jp/repo/api/items/25248,"東京大学総合図書館 General Library in the University of Tokyo, JAPAN",http://iiif.io/api/presentation/2#rightToLeftDirection,,田中芳男・博物学コレクション,00000020,,https://iiif.dl.itc.u-tokyo.ac.jp/repo/iiif/7261622d-75b5-494b-bd55-e56036845651/manifest,,,,,95
捃拾帖 二十一,,,明治十七年十一月ニ終ル,第21冊,A00:6010,田中芳男,151,,9b04125a-2ce5-4910-b659-7ffc0080f62f,https://iiif.dl.itc.u-tokyo.ac.jp/repo/s/tanaka,https://iiif.dl.itc.u-tokyo.ac.jp/repo/s/tanaka/document/9b04125a-2ce5-4910-b659-7ffc0080f62f,https://www.lib.u-tokyo.ac.jp/ja/library/contents/archives-top/reuse,"https://iiif.dl.itc.u-tokyo.ac.jp/repo/iiif-img/155446/full/200,151/0/default.jpg",https://iiif.dl.itc.u-tokyo.ac.jp/repo/api/items/25231,"東京大学総合図書館 General Library in the University of Tokyo, JAPAN",http://iiif.io/api/presentation/2#rightToLeftDirection,,田中芳男・博物学コレクション,00000021,,https://iiif.dl.itc.u-tokyo.ac.jp/repo/iiif/9b04125a-2ce5-4910-b659-7ffc0080f62f/manifest,,,,,151
捃拾帖 二十二,,,明治十八年十月ニ終ル,第22冊,A00:6010,田中芳男,146,,58dd4258-e1ea-4561-8f0d-a13be6649b12,https://iiif.dl.itc.u-tokyo.ac.jp/repo/s/tanaka,https://iiif.dl.itc.u-tokyo.ac.jp/repo/s/tanaka/document/58dd4258-e1ea-4561-8f0d-a13be6649b12,https://www.lib.u-tokyo.ac.jp/ja/library/contents/archives-top/reuse,"https://iiif.dl.itc.u-tokyo.ac.jp/repo/iiif-img/155597/full/200,151/0/default.jpg",https://iiif.dl.itc.u-tokyo.ac.jp/repo/api/items/25253,"東京大学総合図書館 General Library in the University of Tokyo, JAPAN",http://iiif.io/api/presentation/2#rightToLeftDirection,,田中芳男・博物学コレクション,00000022,,https://iiif.dl.itc.u-tokyo.ac.jp/repo/iiif/58dd4258-e1ea-4561-8f0d-a13be6649b12/manifest,,,,,146
捃拾帖 二十三,,,明治十八年ヨリ同十九年迄,第23冊,A00:6010,田中芳男,123,,b5421e75-a38d-46fc-bb4b-c3c4228655db,https://iiif.dl.itc.u-tokyo.ac.jp/repo/s/tanaka,https://iiif.dl.itc.u-tokyo.ac.jp/repo/s/tanaka/document/b5421e75-a38d-46fc-bb4b-c3c4228655db,https://www.lib.u-tokyo.ac.jp/ja/library/contents/archives-top/reuse,"https://iiif.dl.itc.u-tokyo.ac.jp/repo/iiif-img/155743/full/200,151/0/default.jpg",https://iiif.dl.itc.u-tokyo.ac.jp/repo/api/items/25225,"東京大学総合図書館 General Library in the University of Tokyo, JAPAN",http://iiif.io/api/presentation/2#rightToLeftDirection,,田中芳男・博物学コレクション,00000023,,https://iiif.dl.itc.u-tokyo.ac.jp/repo/iiif/b5421e75-a38d-46fc-bb4b-c3c4228655db/manifest,,,,,123
捃拾帖 二十四,,,明治十九年,第24冊,A00:6010,田中芳男,83,,a78aa5da-a3eb-4639-b4cc-86b458f9d2a5,https://iiif.dl.itc.u-tokyo.ac.jp/repo/s/tanaka,https://iiif.dl.itc.u-tokyo.ac.jp/repo/s/tanaka/document/a78aa5da-a3eb-4639-b4cc-86b458f9d2a5,https://www.lib.u-tokyo.ac.jp/ja/library/contents/archives-top/reuse,"https://iiif.dl.itc.u-tokyo.ac.jp/repo/iiif-img/155866/full/200,151/0/default.jpg",https://iiif.dl.itc.u-tokyo.ac.jp/repo/api/items/25181,"東京大学総合図書館 General Library in the University of Tokyo, JAPAN",http://iiif.io/api/presentation/2#rightToLeftDirection,,田中芳男・博物学コレクション,00000024,,https://iiif.dl.itc.u-tokyo.ac.jp/repo/iiif/a78aa5da-a3eb-4639-b4cc-86b458f9d2a5/manifest,,,,,83
捃拾帖 二十五,,,明治十九年ヨリ同二十年マデ,第25冊,A00:6010,田中芳男,99,,ae79a1ed-6f7a-4da5-85b0-4394cc6e7351,https://iiif.dl.itc.u-tokyo.ac.jp/repo/s/tanaka,https://iiif.dl.itc.u-tokyo.ac.jp/repo/s/tanaka/document/ae79a1ed-6f7a-4da5-85b0-4394cc6e7351,https://www.lib.u-tokyo.ac.jp/ja/library/contents/archives-top/reuse,"https://iiif.dl.itc.u-tokyo.ac.jp/repo/iiif-img/155949/full/200,151/0/default.jpg",https://iiif.dl.itc.u-tokyo.ac.jp/repo/api/items/25249,"東京大学総合図書館 General Library in the University of Tokyo, JAPAN",http://iiif.io/api/presentation/2#rightToLeftDirection,,田中芳男・博物学コレクション,00000025,,https://iiif.dl.itc.u-tokyo.ac.jp/repo/iiif/ae79a1ed-6f7a-4da5-85b0-4394cc6e7351/manifest,,,,,99
捃拾帖 二十六,,,明治二十年,第26冊,A00:6010,田中芳男,85,,5f1aaff5-7454-4d4e-b1dd-80662ea489ee,https://iiif.dl.itc.u-tokyo.ac.jp/repo/s/tanaka,https://iiif.dl.itc.u-tokyo.ac.jp/repo/s/tanaka/document/5f1aaff5-7454-4d4e-b1dd-80662ea489ee,https://www.lib.u-tokyo.ac.jp/ja/library/contents/archives-top/reuse,"https://iiif.dl.itc.u-tokyo.ac.jp/repo/iiif-img/156048/full/200,151/0/default.jpg",https://iiif.dl.itc.u-tokyo.ac.jp/repo/api/items/25185,"東京大学総合図書館 General Library in the University of Tokyo, JAPAN",http://iiif.io/api/presentation/2#rightToLeftDirection,,田中芳男・博物学コレクション,00000026,,https://iiif.dl.itc.u-tokyo.ac.jp/repo/iiif/5f1aaff5-7454-4d4e-b1dd-80662ea489ee/manifest,,,,,85
捃拾帖 二十七,,,明治二十年ヨリ同二十一年マデ,第27冊,A00:6010,田中芳男,81,,aec0992d-92cc-475e-960d-6913be247e5d,https://iiif.dl.itc.u-tokyo.ac.jp/repo/s/tanaka,https://iiif.dl.itc.u-tokyo.ac.jp/repo/s/tanaka/document/aec0992d-92cc-475e-960d-6913be247e5d,https://www.lib.u-tokyo.ac.jp/ja/library/contents/archives-top/reuse,"https://iiif.dl.itc.u-tokyo.ac.jp/repo/iiif-img/156133/full/200,151/0/default.jpg",https://iiif.dl.itc.u-tokyo.ac.jp/repo/api/items/25188,"東京大学総合図書館 General Library in the University of Tokyo, JAPAN",http://iiif.io/api/presentation/2#rightToLeftDirection,,田中芳男・博物学コレクション,00000027,,https://iiif.dl.itc.u-tokyo.ac.jp/repo/iiif/aec0992d-92cc-475e-960d-6913be247e5d/manifest,,,,,81
捃拾帖 二十八,,,明治二十一年,第28冊,A00:6010,田中芳男,122,,fddf3c29-660a-42af-939e-9422225b6ab6,https://iiif.dl.itc.u-tokyo.ac.jp/repo/s/tanaka,https://iiif.dl.itc.u-tokyo.ac.jp/repo/s/tanaka/document/fddf3c29-660a-42af-939e-9422225b6ab6,https://www.lib.u-tokyo.ac.jp/ja/library/contents/archives-top/reuse,"https://iiif.dl.itc.u-tokyo.ac.jp/repo/iiif-img/156214/full/200,151/0/default.jpg",https://iiif.dl.itc.u-tokyo.ac.jp/repo/api/items/25257,"東京大学総合図書館 General Library in the University of Tokyo, JAPAN",http://iiif.io/api/presentation/2#rightToLeftDirection,,田中芳男・博物学コレクション,00000028,,https://iiif.dl.itc.u-tokyo.ac.jp/repo/iiif/fddf3c29-660a-42af-939e-9422225b6ab6/manifest,,,,,122
捃拾帖 二十九,,,明治二十二年一月ヨリ,第29冊,A00:6010,田中芳男,86,,ca3f01bb-cefe-40fd-bbf6-d50aa9a0f530,https://iiif.dl.itc.u-tokyo.ac.jp/repo/s/tanaka,https://iiif.dl.itc.u-tokyo.ac.jp/repo/s/tanaka/document/ca3f01bb-cefe-40fd-bbf6-d50aa9a0f530,https://www.lib.u-tokyo.ac.jp/ja/library/contents/archives-top/reuse,"https://iiif.dl.itc.u-tokyo.ac.jp/repo/iiif-img/156336/full/200,151/0/default.jpg",https://iiif.dl.itc.u-tokyo.ac.jp/repo/api/items/25250,"東京大学総合図書館 General Library in the University of Tokyo, JAPAN",http://iiif.io/api/presentation/2#rightToLeftDirection,,田中芳男・博物学コレクション,00000029,,https://iiif.dl.itc.u-tokyo.ac.jp/repo/iiif/ca3f01bb-cefe-40fd-bbf6-d50aa9a0f530/manifest,,,,,86
捃拾帖 三十甲,,,明治二十二年度ノ袋中ニアリシモノヲ貼ス 其中雑駁ナルモノアルモ惣テ貼附ス 但シ年子ノ分明ナルモノハ遡リテ其年頃ニ収ム 大正三年二月■日,第30冊,A00:6010,田中芳男,133,,0364c8f6-cc96-4e7e-9d12-b315d15b1970,https://iiif.dl.itc.u-tokyo.ac.jp/repo/s/tanaka,https://iiif.dl.itc.u-tokyo.ac.jp/repo/s/tanaka/document/0364c8f6-cc96-4e7e-9d12-b315d15b1970,https://www.lib.u-tokyo.ac.jp/ja/library/contents/archives-top/reuse,"https://iiif.dl.itc.u-tokyo.ac.jp/repo/iiif-img/156422/full/200,151/0/default.jpg",https://iiif.dl.itc.u-tokyo.ac.jp/repo/api/items/25244,"東京大学総合図書館 General Library in the University of Tokyo, JAPAN",http://iiif.io/api/presentation/2#rightToLeftDirection,,田中芳男・博物学コレクション,00000030,,https://iiif.dl.itc.u-tokyo.ac.jp/repo/iiif/0364c8f6-cc96-4e7e-9d12-b315d15b1970/manifest,,,,,133
捃拾帖 三十乙,,,明治二十二、二十三△、二十四年〇頃 △第三回博覧会 〇伊勢出張ノ際 大正三年一月修補綴成,第31冊,A00:6010,田中芳男,303,,7f91ae1e-6ffa-4681-bb0f-862be1bd1cb0,https://iiif.dl.itc.u-tokyo.ac.jp/repo/s/tanaka,https://iiif.dl.itc.u-tokyo.ac.jp/repo/s/tanaka/document/7f91ae1e-6ffa-4681-bb0f-862be1bd1cb0,https://www.lib.u-tokyo.ac.jp/ja/library/contents/archives-top/reuse,"https://iiif.dl.itc.u-tokyo.ac.jp/repo/iiif-img/156555/full/200,151/0/default.jpg",https://iiif.dl.itc.u-tokyo.ac.jp/repo/api/items/25201,"東京大学総合図書館 General Library in the University of Tokyo, JAPAN",http://iiif.io/api/presentation/2#rightToLeftDirection,,田中芳男・博物学コレクション,00000031,,https://iiif.dl.itc.u-tokyo.ac.jp/repo/iiif/7f91ae1e-6ffa-4681-bb0f-862be1bd1cb0/manifest,,,,,303
捃拾帖 三十一,,,明治二十四年分,第32冊,A00:6010,田中芳男,228,,f8bc0d0d-1efe-459e-bab0-720d34e23ac2,https://iiif.dl.itc.u-tokyo.ac.jp/repo/s/tanaka,https://iiif.dl.itc.u-tokyo.ac.jp/repo/s/tanaka/document/f8bc0d0d-1efe-459e-bab0-720d34e23ac2,https://www.lib.u-tokyo.ac.jp/ja/library/contents/archives-top/reuse,"https://iiif.dl.itc.u-tokyo.ac.jp/repo/iiif-img/156858/full/200,151/0/default.jpg",https://iiif.dl.itc.u-tokyo.ac.jp/repo/api/items/25202,"東京大学総合図書館 General Library in the University of Tokyo, JAPAN",http://iiif.io/api/presentation/2#rightToLeftDirection,,田中芳男・博物学コレクション,00000032,,https://iiif.dl.itc.u-tokyo.ac.jp/repo/iiif/f8bc0d0d-1efe-459e-bab0-720d34e23ac2/manifest,,,,,228
捃拾帖 三十二,,,明治二十五年,第33冊,A00:6010,田中芳男,136,,169317bc-a601-437b-b670-c3ac2d48c028,https://iiif.dl.itc.u-tokyo.ac.jp/repo/s/tanaka,https://iiif.dl.itc.u-tokyo.ac.jp/repo/s/tanaka/document/169317bc-a601-437b-b670-c3ac2d48c028,https://www.lib.u-tokyo.ac.jp/ja/library/contents/archives-top/reuse,"https://iiif.dl.itc.u-tokyo.ac.jp/repo/iiif-img/157086/full/200,151/0/default.jpg",https://iiif.dl.itc.u-tokyo.ac.jp/repo/api/items/25245,"東京大学総合図書館 General Library in the University of Tokyo, JAPAN",http://iiif.io/api/presentation/2#rightToLeftDirection,,田中芳男・博物学コレクション,00000033,,https://iiif.dl.itc.u-tokyo.ac.jp/repo/iiif/169317bc-a601-437b-b670-c3ac2d48c028/manifest,,,,,136
捃拾帖 三十三,,,明治二十六年分,第34冊,A00:6010,田中芳男,270,,807028c6-85e6-46e7-8f3a-a78723e58996,https://iiif.dl.itc.u-tokyo.ac.jp/repo/s/tanaka,https://iiif.dl.itc.u-tokyo.ac.jp/repo/s/tanaka/document/807028c6-85e6-46e7-8f3a-a78723e58996,https://www.lib.u-tokyo.ac.jp/ja/library/contents/archives-top/reuse,"https://iiif.dl.itc.u-tokyo.ac.jp/repo/iiif-img/157222/full/200,151/0/default.jpg",https://iiif.dl.itc.u-tokyo.ac.jp/repo/api/items/25271,"東京大学総合図書館 General Library in the University of Tokyo, JAPAN",http://iiif.io/api/presentation/2#rightToLeftDirection,,田中芳男・博物学コレクション,00000034,,https://iiif.dl.itc.u-tokyo.ac.jp/repo/iiif/807028c6-85e6-46e7-8f3a-a78723e58996/manifest,,,,,270
捃拾帖 三十四,,,明治二十七年分,第35冊,A00:6010,田中芳男,144,,d613637d-cf29-4f4f-9857-06c49e490fd3,https://iiif.dl.itc.u-tokyo.ac.jp/repo/s/tanaka,https://iiif.dl.itc.u-tokyo.ac.jp/repo/s/tanaka/document/d613637d-cf29-4f4f-9857-06c49e490fd3,https://www.lib.u-tokyo.ac.jp/ja/library/contents/archives-top/reuse,"https://iiif.dl.itc.u-tokyo.ac.jp/repo/iiif-img/157492/full/200,151/0/default.jpg",https://iiif.dl.itc.u-tokyo.ac.jp/repo/api/items/25195,"東京大学総合図書館 General Library in the University of Tokyo, JAPAN",http://iiif.io/api/presentation/2#rightToLeftDirection,,田中芳男・博物学コレクション,00000035,,https://iiif.dl.itc.u-tokyo.ac.jp/repo/iiif/d613637d-cf29-4f4f-9857-06c49e490fd3/manifest,,,,,144
捃拾帖 三十五,,,明治二十八年分,第36冊,A00:6010,田中芳男,183,,143ad571-fcb2-4413-85f4-99a8e7dee319,https://iiif.dl.itc.u-tokyo.ac.jp/repo/s/tanaka,https://iiif.dl.itc.u-tokyo.ac.jp/repo/s/tanaka/document/143ad571-fcb2-4413-85f4-99a8e7dee319,https://www.lib.u-tokyo.ac.jp/ja/library/contents/archives-top/reuse,"https://iiif.dl.itc.u-tokyo.ac.jp/repo/iiif-img/157636/full/200,151/0/default.jpg",https://iiif.dl.itc.u-tokyo.ac.jp/repo/api/items/25275,"東京大学総合図書館 General Library in the University of Tokyo, JAPAN",http://iiif.io/api/presentation/2#rightToLeftDirection,,田中芳男・博物学コレクション,00000036,,https://iiif.dl.itc.u-tokyo.ac.jp/repo/iiif/143ad571-fcb2-4413-85f4-99a8e7dee319/manifest,,,,,183
捃拾帖 三十六,,,明治二十九年分,第37冊,A00:6010,田中芳男,153,,25db717b-2e9f-4da6-ae19-f11769447250,https://iiif.dl.itc.u-tokyo.ac.jp/repo/s/tanaka,https://iiif.dl.itc.u-tokyo.ac.jp/repo/s/tanaka/document/25db717b-2e9f-4da6-ae19-f11769447250,https://www.lib.u-tokyo.ac.jp/ja/library/contents/archives-top/reuse,"https://iiif.dl.itc.u-tokyo.ac.jp/repo/iiif-img/157819/full/200,151/0/default.jpg",https://iiif.dl.itc.u-tokyo.ac.jp/repo/api/items/25247,"東京大学総合図書館 General Library in the University of Tokyo, JAPAN",http://iiif.io/api/presentation/2#rightToLeftDirection,,田中芳男・博物学コレクション,00000037,,https://iiif.dl.itc.u-tokyo.ac.jp/repo/iiif/25db717b-2e9f-4da6-ae19-f11769447250/manifest,,,,,153
捃拾帖 三十七,,,明治三十年前後集ムル所ノ小形ノ者ヲ貼附ス 別ニ甲乙丙丁ト大冊トノ外ナルモ時代ハ較似タリ戊ト■ズ■■ 四十四年八月二十二日整理了ル翌日綴成 田芳,第38冊,A00:6010,田中芳男,174,,8e7b55c0-dfce-4166-aca9-57a58f873c67,https://iiif.dl.itc.u-tokyo.ac.jp/repo/s/tanaka,https://iiif.dl.itc.u-tokyo.ac.jp/repo/s/tanaka/document/8e7b55c0-dfce-4166-aca9-57a58f873c67,https://www.lib.u-tokyo.ac.jp/ja/library/contents/archives-top/reuse,"https://iiif.dl.itc.u-tokyo.ac.jp/repo/iiif-img/157972/full/200,151/0/default.jpg",https://iiif.dl.itc.u-tokyo.ac.jp/repo/api/items/25264,"東京大学総合図書館 General Library in the University of Tokyo, JAPAN",http://iiif.io/api/presentation/2#rightToLeftDirection,,田中芳男・博物学コレクション,00000038,,https://iiif.dl.itc.u-tokyo.ac.jp/repo/iiif/8e7b55c0-dfce-4166-aca9-57a58f873c67/manifest,,,,,174
捃拾帖 (丁)三十八,,,従前ヨリ貯フ所ヲ一時ニ整理シテ貼附スル四冊ノ一別ニ大冊一アリ 四四、八、一二 成,第39冊,A00:6010,田中芳男,214,,2d522f09-a944-4348-afcc-69cf87e9dae4,https://iiif.dl.itc.u-tokyo.ac.jp/repo/s/tanaka,https://iiif.dl.itc.u-tokyo.ac.jp/repo/s/tanaka/document/2d522f09-a944-4348-afcc-69cf87e9dae4,https://www.lib.u-tokyo.ac.jp/ja/library/contents/archives-top/reuse,"https://iiif.dl.itc.u-tokyo.ac.jp/repo/iiif-img/158146/full/200,151/0/default.jpg",https://iiif.dl.itc.u-tokyo.ac.jp/repo/api/items/25229,"東京大学総合図書館 General Library in the University of Tokyo, JAPAN",http://iiif.io/api/presentation/2#rightToLeftDirection,,田中芳男・博物学コレクション,00000039,,https://iiif.dl.itc.u-tokyo.ac.jp/repo/iiif/2d522f09-a944-4348-afcc-69cf87e9dae4/manifest,,,,,214
捃拾帖 (丙)三十九,,,従前ヨリ貯フ所ヲ一時ニ整理シテ貼附スル四冊ノ一別ニ大冊一アリ 四四、八、一二、成,第40冊,A00:6010,田中芳男,197,,2b1f5a0c-f86d-4841-ad50-506537a03310,https://iiif.dl.itc.u-tokyo.ac.jp/repo/s/tanaka,https://iiif.dl.itc.u-tokyo.ac.jp/repo/s/tanaka/document/2b1f5a0c-f86d-4841-ad50-506537a03310,https://www.lib.u-tokyo.ac.jp/ja/library/contents/archives-top/reuse,"https://iiif.dl.itc.u-tokyo.ac.jp/repo/iiif-img/158360/full/200,151/0/default.jpg",https://iiif.dl.itc.u-tokyo.ac.jp/repo/api/items/25259,"東京大学総合図書館 General Library in the University of Tokyo, JAPAN",http://iiif.io/api/presentation/2#rightToLeftDirection,,田中芳男・博物学コレクション,00000040,,https://iiif.dl.itc.u-tokyo.ac.jp/repo/iiif/2b1f5a0c-f86d-4841-ad50-506537a03310/manifest,,,,,197
捃拾帖 (乙)四十,,,従前ヨリ貯フ所ヲ一時ニ整理シテ貼附スル四冊ノ一別ニ大冊一アリ 四四、八、一二 成,第41冊,A00:6010,田中芳男,168,,29ce9528-b3c8-475b-8d40-74cb99083cae,https://iiif.dl.itc.u-tokyo.ac.jp/repo/s/tanaka,https://iiif.dl.itc.u-tokyo.ac.jp/repo/s/tanaka/document/29ce9528-b3c8-475b-8d40-74cb99083cae,https://www.lib.u-tokyo.ac.jp/ja/library/contents/archives-top/reuse,"https://iiif.dl.itc.u-tokyo.ac.jp/repo/iiif-img/158557/full/200,151/0/default.jpg",https://iiif.dl.itc.u-tokyo.ac.jp/repo/api/items/25209,"東京大学総合図書館 General Library in the University of Tokyo, JAPAN",http://iiif.io/api/presentation/2#rightToLeftDirection,,田中芳男・博物学コレクション,00000041,,https://iiif.dl.itc.u-tokyo.ac.jp/repo/iiif/29ce9528-b3c8-475b-8d40-74cb99083cae/manifest,,,,,168
捃拾帖 (甲)四一,,,従前ヨリ貯フ所ヲ一時ニ整理シテ貼附スル四冊ノ一別ニ大冊一アリ 四四、八、一二、成,第42冊,A00:6010,田中芳男,333,,d50ddf55-64e5-4f37-9388-ca176be0ba5b,https://iiif.dl.itc.u-tokyo.ac.jp/repo/s/tanaka,https://iiif.dl.itc.u-tokyo.ac.jp/repo/s/tanaka/document/d50ddf55-64e5-4f37-9388-ca176be0ba5b,https://www.lib.u-tokyo.ac.jp/ja/library/contents/archives-top/reuse,"https://iiif.dl.itc.u-tokyo.ac.jp/repo/iiif-img/158725/full/200,151/0/default.jpg",https://iiif.dl.itc.u-tokyo.ac.jp/repo/api/items/25255,"東京大学総合図書館 General Library in the University of Tokyo, JAPAN",http://iiif.io/api/presentation/2#rightToLeftDirection,,田中芳男・博物学コレクション,00000042,,https://iiif.dl.itc.u-tokyo.ac.jp/repo/iiif/d50ddf55-64e5-4f37-9388-ca176be0ba5b/manifest,,,,,333
捃拾帖 四二,,,明治三十一年ヨリ同三十二年迄 八月貼附了,第43冊,A00:6010,田中芳男,166,,8ca2356e-ccde-4403-891e-c3817926a2ca,https://iiif.dl.itc.u-tokyo.ac.jp/repo/s/tanaka,https://iiif.dl.itc.u-tokyo.ac.jp/repo/s/tanaka/document/8ca2356e-ccde-4403-891e-c3817926a2ca,https://www.lib.u-tokyo.ac.jp/ja/library/contents/archives-top/reuse,"https://iiif.dl.itc.u-tokyo.ac.jp/repo/iiif-img/159058/full/200,151/0/default.jpg",https://iiif.dl.itc.u-tokyo.ac.jp/repo/api/items/25206,"東京大学総合図書館 General Library in the University of Tokyo, JAPAN",http://iiif.io/api/presentation/2#rightToLeftDirection,,田中芳男・博物学コレクション,00000043,,https://iiif.dl.itc.u-tokyo.ac.jp/repo/iiif/8ca2356e-ccde-4403-891e-c3817926a2ca/manifest,,,,,166
捃拾帖 四三,,,明治三十二年貼附成,第44冊,A00:6010,田中芳男,189,,6933f8b6-8c8d-40d7-80b2-8f2df5198638,https://iiif.dl.itc.u-tokyo.ac.jp/repo/s/tanaka,https://iiif.dl.itc.u-tokyo.ac.jp/repo/s/tanaka/document/6933f8b6-8c8d-40d7-80b2-8f2df5198638,https://www.lib.u-tokyo.ac.jp/ja/library/contents/archives-top/reuse,"https://iiif.dl.itc.u-tokyo.ac.jp/repo/iiif-img/159224/full/200,151/0/default.jpg",https://iiif.dl.itc.u-tokyo.ac.jp/repo/api/items/25184,"東京大学総合図書館 General Library in the University of Tokyo, JAPAN",http://iiif.io/api/presentation/2#rightToLeftDirection,,田中芳男・博物学コレクション,00000044,,https://iiif.dl.itc.u-tokyo.ac.jp/repo/iiif/6933f8b6-8c8d-40d7-80b2-8f2df5198638/manifest,,,,,189
捃拾帖 四四,,,,第45冊,A00:6010,田中芳男,162,,efe2f570-44bd-4d67-8eac-96047a0d87ed,https://iiif.dl.itc.u-tokyo.ac.jp/repo/s/tanaka,https://iiif.dl.itc.u-tokyo.ac.jp/repo/s/tanaka/document/efe2f570-44bd-4d67-8eac-96047a0d87ed,https://www.lib.u-tokyo.ac.jp/ja/library/contents/archives-top/reuse,"https://iiif.dl.itc.u-tokyo.ac.jp/repo/iiif-img/159413/full/200,151/0/default.jpg",https://iiif.dl.itc.u-tokyo.ac.jp/repo/api/items/25212,"東京大学総合図書館 General Library in the University of Tokyo, JAPAN",http://iiif.io/api/presentation/2#rightToLeftDirection,,田中芳男・博物学コレクション,00000045,,https://iiif.dl.itc.u-tokyo.ac.jp/repo/iiif/efe2f570-44bd-4d67-8eac-96047a0d87ed/manifest,,,,,162
捃拾帖 四五,,,,第46冊,A00:6010,田中芳男,115,,276aa11d-2300-4195-aecd-ae748e2d838c,https://iiif.dl.itc.u-tokyo.ac.jp/repo/s/tanaka,https://iiif.dl.itc.u-tokyo.ac.jp/repo/s/tanaka/document/276aa11d-2300-4195-aecd-ae748e2d838c,https://www.lib.u-tokyo.ac.jp/ja/library/contents/archives-top/reuse,"https://iiif.dl.itc.u-tokyo.ac.jp/repo/iiif-img/159575/full/200,151/0/default.jpg",https://iiif.dl.itc.u-tokyo.ac.jp/repo/api/items/25208,"東京大学総合図書館 General Library in the University of Tokyo, JAPAN",http://iiif.io/api/presentation/2#rightToLeftDirection,,田中芳男・博物学コレクション,00000046,,https://iiif.dl.itc.u-tokyo.ac.jp/repo/iiif/276aa11d-2300-4195-aecd-ae748e2d838c/manifest,,,,,115
捃拾帖 四六,,,,第47冊,A00:6010,田中芳男,78,,31ca43e6-50e9-46ad-97f5-ee9013820b19,https://iiif.dl.itc.u-tokyo.ac.jp/repo/s/tanaka,https://iiif.dl.itc.u-tokyo.ac.jp/repo/s/tanaka/document/31ca43e6-50e9-46ad-97f5-ee9013820b19,https://www.lib.u-tokyo.ac.jp/ja/library/contents/archives-top/reuse,"https://iiif.dl.itc.u-tokyo.ac.jp/repo/iiif-img/159690/full/200,151/0/default.jpg",https://iiif.dl.itc.u-tokyo.ac.jp/repo/api/items/25182,"東京大学総合図書館 General Library in the University of Tokyo, JAPAN",http://iiif.io/api/presentation/2#rightToLeftDirection,,田中芳男・博物学コレクション,00000047,,https://iiif.dl.itc.u-tokyo.ac.jp/repo/iiif/31ca43e6-50e9-46ad-97f5-ee9013820b19/manifest,,,,,78
捃拾帖 四七,,,,第48冊,A00:6010,田中芳男,89,,721a0cd7-37d3-4529-b58d-628a57d81313,https://iiif.dl.itc.u-tokyo.ac.jp/repo/s/tanaka,https://iiif.dl.itc.u-tokyo.ac.jp/repo/s/tanaka/document/721a0cd7-37d3-4529-b58d-628a57d81313,https://www.lib.u-tokyo.ac.jp/ja/library/contents/archives-top/reuse,"https://iiif.dl.itc.u-tokyo.ac.jp/repo/iiif-img/159768/full/200,151/0/default.jpg",https://iiif.dl.itc.u-tokyo.ac.jp/repo/api/items/25273,"東京大学総合図書館 General Library in the University of Tokyo, JAPAN",http://iiif.io/api/presentation/2#rightToLeftDirection,,田中芳男・博物学コレクション,00000048,,https://iiif.dl.itc.u-tokyo.ac.jp/repo/iiif/721a0cd7-37d3-4529-b58d-628a57d81313/manifest,,,,,89
捃拾帖 四八,,,明治三十七年頃ノ分 大正二年二月貼附 美穂子綴成 二月七日 三十六年第五回内■会,第49冊,A00:6010,田中芳男,316,,b9e13ab9-1a8a-43c7-8576-30b5545f5bbd,https://iiif.dl.itc.u-tokyo.ac.jp/repo/s/tanaka,https://iiif.dl.itc.u-tokyo.ac.jp/repo/s/tanaka/document/b9e13ab9-1a8a-43c7-8576-30b5545f5bbd,https://www.lib.u-tokyo.ac.jp/ja/library/contents/archives-top/reuse,"https://iiif.dl.itc.u-tokyo.ac.jp/repo/iiif-img/159857/full/200,151/0/default.jpg",https://iiif.dl.itc.u-tokyo.ac.jp/repo/api/items/25274,"東京大学総合図書館 General Library in the University of Tokyo, JAPAN",http://iiif.io/api/presentation/2#rightToLeftDirection,,田中芳男・博物学コレクション,00000049,,https://iiif.dl.itc.u-tokyo.ac.jp/repo/iiif/b9e13ab9-1a8a-43c7-8576-30b5545f5bbd/manifest,,,,,316
捃拾帖 四九,,,明治三十七年一月ヨリ(此冊ハ三十六七年ノモノヲ主トスルモ末ノ方空所ヲ補填スル為メ三十三四年ノ分ヲモ交ヘタリ),第50冊,A00:6010,田中芳男,94,,c638c6e3-1a52-4725-89f1-bae61ed29b0b,https://iiif.dl.itc.u-tokyo.ac.jp/repo/s/tanaka,https://iiif.dl.itc.u-tokyo.ac.jp/repo/s/tanaka/document/c638c6e3-1a52-4725-89f1-bae61ed29b0b,https://www.lib.u-tokyo.ac.jp/ja/library/contents/archives-top/reuse,"https://iiif.dl.itc.u-tokyo.ac.jp/repo/iiif-img/160173/full/200,151/0/default.jpg",https://iiif.dl.itc.u-tokyo.ac.jp/repo/api/items/25215,"東京大学総合図書館 General Library in the University of Tokyo, JAPAN",http://iiif.io/api/presentation/2#rightToLeftDirection,,田中芳男・博物学コレクション,00000050,,https://iiif.dl.itc.u-tokyo.ac.jp/repo/iiif/c638c6e3-1a52-4725-89f1-bae61ed29b0b/manifest,,,,,94
捃拾帖 五十,,,明治三十七年二月伊勢山田神苑会農業館々舎寓中 神苑会印刷帖類聚綴成其他従来所集之分貼附終 ■■取■之小印刷其他貼附 田中芳男記,第51冊,A00:6010,田中芳男,65,,f763be26-ab92-4674-8872-4fffe3926d4a,https://iiif.dl.itc.u-tokyo.ac.jp/repo/s/tanaka,https://iiif.dl.itc.u-tokyo.ac.jp/repo/s/tanaka/document/f763be26-ab92-4674-8872-4fffe3926d4a,https://www.lib.u-tokyo.ac.jp/ja/library/contents/archives-top/reuse,"https://iiif.dl.itc.u-tokyo.ac.jp/repo/iiif-img/160267/full/200,151/0/default.jpg",https://iiif.dl.itc.u-tokyo.ac.jp/repo/api/items/25243,"東京大学総合図書館 General Library in the University of Tokyo, JAPAN",http://iiif.io/api/presentation/2#rightToLeftDirection,,田中芳男・博物学コレクション,00000051,,https://iiif.dl.itc.u-tokyo.ac.jp/repo/iiif/f763be26-ab92-4674-8872-4fffe3926d4a/manifest,,,,,65
捃拾帖 五一,,,明治三十七年二月貼附神苑会印刷帖以外之品類 伊勢山田神苑会農業館々舎寓 田中芳男記,第52冊,A00:6010,田中芳男,172,,62695043-36c6-4de2-a954-fdd9f38b6f1b,https://iiif.dl.itc.u-tokyo.ac.jp/repo/s/tanaka,https://iiif.dl.itc.u-tokyo.ac.jp/repo/s/tanaka/document/62695043-36c6-4de2-a954-fdd9f38b6f1b,https://www.lib.u-tokyo.ac.jp/ja/library/contents/archives-top/reuse,"https://iiif.dl.itc.u-tokyo.ac.jp/repo/iiif-img/160332/full/200,151/0/default.jpg",https://iiif.dl.itc.u-tokyo.ac.jp/repo/api/items/25183,"東京大学総合図書館 General Library in the University of Tokyo, JAPAN",http://iiif.io/api/presentation/2#rightToLeftDirection,,田中芳男・博物学コレクション,00000052,,https://iiif.dl.itc.u-tokyo.ac.jp/repo/iiif/62695043-36c6-4de2-a954-fdd9f38b6f1b/manifest,,,,,172
捃拾帖 五二,,,明治三十七年 三十八年 三十九年 頃ノモノ最多シ 農業館々舎ニ於テ貼附スル所ナリ 田中芳男記,第53冊,A00:6010,田中芳男,180,,99b263e4-abe9-4a27-a59e-67f06d67d030,https://iiif.dl.itc.u-tokyo.ac.jp/repo/s/tanaka,https://iiif.dl.itc.u-tokyo.ac.jp/repo/s/tanaka/document/99b263e4-abe9-4a27-a59e-67f06d67d030,https://www.lib.u-tokyo.ac.jp/ja/library/contents/archives-top/reuse,"https://iiif.dl.itc.u-tokyo.ac.jp/repo/iiif-img/160504/full/200,151/0/default.jpg",https://iiif.dl.itc.u-tokyo.ac.jp/repo/api/items/25193,"東京大学総合図書館 General Library in the University of Tokyo, JAPAN",http://iiif.io/api/presentation/2#rightToLeftDirection,,田中芳男・博物学コレクション,00000053,,https://iiif.dl.itc.u-tokyo.ac.jp/repo/iiif/99b263e4-abe9-4a27-a59e-67f06d67d030/manifest,,,,,180
捃拾帖 五三,,,明治三十九年前後ノ分有馬ニ於テ貼附セルモノニ続キ四十年十一月補足シ了ル 十二月一日前冊ト同時綴成 田芳,第54冊,A00:6010,田中芳男,139,,f893d33f-70cf-4131-a8fe-328645a01f98,https://iiif.dl.itc.u-tokyo.ac.jp/repo/s/tanaka,https://iiif.dl.itc.u-tokyo.ac.jp/repo/s/tanaka/document/f893d33f-70cf-4131-a8fe-328645a01f98,https://www.lib.u-tokyo.ac.jp/ja/library/contents/archives-top/reuse,"https://iiif.dl.itc.u-tokyo.ac.jp/repo/iiif-img/160684/full/200,151/0/default.jpg",https://iiif.dl.itc.u-tokyo.ac.jp/repo/api/items/25262,"東京大学総合図書館 General Library in the University of Tokyo, JAPAN",http://iiif.io/api/presentation/2#rightToLeftDirection,,田中芳男・博物学コレクション,00000054,,https://iiif.dl.itc.u-tokyo.ac.jp/repo/iiif/f893d33f-70cf-4131-a8fe-328645a01f98/manifest,,,,,139
捃拾帖 五四,,,明治三十九年前後ノ分ニシテ初メニアル東京ノ分ハ有馬ニテ貼附スル所ノモノ 夫ヨリ後四十年九月農業館々舎ニテ補足ス 田芳 十一月中ニ補了十二月一日綴上ケ成,第55冊,A00:6010,田中芳男,128,,fe453878-946c-4b2b-bdc8-e0ca25c6cc7a,https://iiif.dl.itc.u-tokyo.ac.jp/repo/s/tanaka,https://iiif.dl.itc.u-tokyo.ac.jp/repo/s/tanaka/document/fe453878-946c-4b2b-bdc8-e0ca25c6cc7a,https://www.lib.u-tokyo.ac.jp/ja/library/contents/archives-top/reuse,"https://iiif.dl.itc.u-tokyo.ac.jp/repo/iiif-img/160823/full/200,151/0/default.jpg",https://iiif.dl.itc.u-tokyo.ac.jp/repo/api/items/25207,"東京大学総合図書館 General Library in the University of Tokyo, JAPAN",http://iiif.io/api/presentation/2#rightToLeftDirection,,田中芳男・博物学コレクション,00000055,,https://iiif.dl.itc.u-tokyo.ac.jp/repo/iiif/fe453878-946c-4b2b-bdc8-e0ca25c6cc7a/manifest,,,,,128
捃拾帖 五五,,,明治三十九年四十年ノ頃ニ集セルモノ 四十年八月有馬温泉入浴中ニ貼附ス 但シ東京ノ分ハ次冊ニ入ル 田中芳男,第56冊,A00:6010,田中芳男,154,,d92bfa51-20c9-4343-931a-e1cee9fffaeb,https://iiif.dl.itc.u-tokyo.ac.jp/repo/s/tanaka,https://iiif.dl.itc.u-tokyo.ac.jp/repo/s/tanaka/document/d92bfa51-20c9-4343-931a-e1cee9fffaeb,https://www.lib.u-tokyo.ac.jp/ja/library/contents/archives-top/reuse,"https://iiif.dl.itc.u-tokyo.ac.jp/repo/iiif-img/160951/full/200,151/0/default.jpg",https://iiif.dl.itc.u-tokyo.ac.jp/repo/api/items/25204,"東京大学総合図書館 General Library in the University of Tokyo, JAPAN",http://iiif.io/api/presentation/2#rightToLeftDirection,,田中芳男・博物学コレクション,00000056,,https://iiif.dl.itc.u-tokyo.ac.jp/repo/iiif/d92bfa51-20c9-4343-931a-e1cee9fffaeb/manifest,,,,,154
捃拾帖 五六,,,明治十四年頃ヨリ四十年頃■■ノ間ノ雑駁集合シテ秩序モナク仮綴■■■ ■■■ 大正■■■,第57冊,A00:6010,田中芳男,331,,7dc435f6-2e3c-4051-ba0a-24da16a7afa6,https://iiif.dl.itc.u-tokyo.ac.jp/repo/s/tanaka,https://iiif.dl.itc.u-tokyo.ac.jp/repo/s/tanaka/document/7dc435f6-2e3c-4051-ba0a-24da16a7afa6,https://www.lib.u-tokyo.ac.jp/ja/library/contents/archives-top/reuse,"https://iiif.dl.itc.u-tokyo.ac.jp/repo/iiif-img/161105/full/200,151/0/default.jpg",https://iiif.dl.itc.u-tokyo.ac.jp/repo/api/items/25216,"東京大学総合図書館 General Library in the University of Tokyo, JAPAN",http://iiif.io/api/presentation/2#rightToLeftDirection,,田中芳男・博物学コレクション,00000057,,https://iiif.dl.itc.u-tokyo.ac.jp/repo/iiif/7dc435f6-2e3c-4051-ba0a-24da16a7afa6/manifest,,,,,331
捃拾帖 五八,印刷書信帖 全,,但要信文関係之書非印刷亦載之 明治四十年中之者居多十二月貼附,第58冊,A00:6010,田中芳男,202,,ec7ba99b-8ada-479f-bcf8-ba529fbc1a6b,https://iiif.dl.itc.u-tokyo.ac.jp/repo/s/tanaka,https://iiif.dl.itc.u-tokyo.ac.jp/repo/s/tanaka/document/ec7ba99b-8ada-479f-bcf8-ba529fbc1a6b,https://www.lib.u-tokyo.ac.jp/ja/library/contents/archives-top/reuse,"https://iiif.dl.itc.u-tokyo.ac.jp/repo/iiif-img/161436/full/200,151/0/default.jpg",https://iiif.dl.itc.u-tokyo.ac.jp/repo/api/items/25265,"東京大学総合図書館 General Library in the University of Tokyo, JAPAN",http://iiif.io/api/presentation/2#rightToLeftDirection,,田中芳男・博物学コレクション,00000058,,https://iiif.dl.itc.u-tokyo.ac.jp/repo/iiif/ec7ba99b-8ada-479f-bcf8-ba529fbc1a6b/manifest,,,,,202
捃拾帖 五九,,,明治四十一年十月初貼附結了田中芳男 巻末台湾品十一月補貼,第59冊,A00:6010,田中芳男,170,,d5301ff8-a047-4216-a85f-cd220b4f3dbd,https://iiif.dl.itc.u-tokyo.ac.jp/repo/s/tanaka,https://iiif.dl.itc.u-tokyo.ac.jp/repo/s/tanaka/document/d5301ff8-a047-4216-a85f-cd220b4f3dbd,https://www.lib.u-tokyo.ac.jp/ja/library/contents/archives-top/reuse,"https://iiif.dl.itc.u-tokyo.ac.jp/repo/iiif-img/161638/full/200,151/0/default.jpg",https://iiif.dl.itc.u-tokyo.ac.jp/repo/api/items/25268,"東京大学総合図書館 General Library in the University of Tokyo, JAPAN",http://iiif.io/api/presentation/2#rightToLeftDirection,,田中芳男・博物学コレクション,00000059,,https://iiif.dl.itc.u-tokyo.ac.jp/repo/iiif/d5301ff8-a047-4216-a85f-cd220b4f3dbd/manifest,,,,,170
捃拾帖 六四,,,明治四十一年ヨリ四十二年三月マデヲ主トスルモ尚其前ノ分モ多アリトス 田中芳男貼製,第60冊,A00:6010,田中芳男,108,,34cbce49-7bf4-4416-8ea6-e49f80da2131,https://iiif.dl.itc.u-tokyo.ac.jp/repo/s/tanaka,https://iiif.dl.itc.u-tokyo.ac.jp/repo/s/tanaka/document/34cbce49-7bf4-4416-8ea6-e49f80da2131,https://www.lib.u-tokyo.ac.jp/ja/library/contents/archives-top/reuse,"https://iiif.dl.itc.u-tokyo.ac.jp/repo/iiif-img/161808/full/200,151/0/default.jpg",https://iiif.dl.itc.u-tokyo.ac.jp/repo/api/items/25266,"東京大学総合図書館 General Library in the University of Tokyo, JAPAN",http://iiif.io/api/presentation/2#rightToLeftDirection,,田中芳男・博物学コレクション,00000060,,https://iiif.dl.itc.u-tokyo.ac.jp/repo/iiif/34cbce49-7bf4-4416-8ea6-e49f80da2131/manifest,,,,,108
捃拾帖 六五,,,明治四十二年四月前ヨリノ分及招状并発明品博覧会広告類等 七月ノ分ヲ加フ,第61冊,A00:6010,田中芳男,146,,4ee1ce31-6891-4647-8cf8-6ab8fbabd33d,https://iiif.dl.itc.u-tokyo.ac.jp/repo/s/tanaka,https://iiif.dl.itc.u-tokyo.ac.jp/repo/s/tanaka/document/4ee1ce31-6891-4647-8cf8-6ab8fbabd33d,https://www.lib.u-tokyo.ac.jp/ja/library/contents/archives-top/reuse,"https://iiif.dl.itc.u-tokyo.ac.jp/repo/iiif-img/161916/full/200,151/0/default.jpg",https://iiif.dl.itc.u-tokyo.ac.jp/repo/api/items/25190,"東京大学総合図書館 General Library in the University of Tokyo, JAPAN",http://iiif.io/api/presentation/2#rightToLeftDirection,,田中芳男・博物学コレクション,00000061,,https://iiif.dl.itc.u-tokyo.ac.jp/repo/iiif/4ee1ce31-6891-4647-8cf8-6ab8fbabd33d/manifest,,,,,146
捃拾帖 六六,,,明治四十二年五月神戸市行十月京都市并丹波行十一月鹿児島市行所得 十二月貼附綴成一冊トス 田中芳男,第62冊,A00:6010,田中芳男,144,,483f16f2-0b92-46aa-8392-43ddba7ff12e,https://iiif.dl.itc.u-tokyo.ac.jp/repo/s/tanaka,https://iiif.dl.itc.u-tokyo.ac.jp/repo/s/tanaka/document/483f16f2-0b92-46aa-8392-43ddba7ff12e,https://www.lib.u-tokyo.ac.jp/ja/library/contents/archives-top/reuse,"https://iiif.dl.itc.u-tokyo.ac.jp/repo/iiif-img/162062/full/200,151/0/default.jpg",https://iiif.dl.itc.u-tokyo.ac.jp/repo/api/items/25221,"東京大学総合図書館 General Library in the University of Tokyo, JAPAN",http://iiif.io/api/presentation/2#rightToLeftDirection,,田中芳男・博物学コレクション,00000062,,https://iiif.dl.itc.u-tokyo.ac.jp/repo/iiif/483f16f2-0b92-46aa-8392-43ddba7ff12e/manifest,,,,,144
捃拾帖 六七,,,明治四十二年中東京並各地方ノ分最後ニ伊勢ノ分ヲ貼附ス 但伊勢ニハ徴古館開館式関係ノ分ヲ初トス 十二月十七日綴成二十九日補足,第63冊,A00:6010,田中芳男,104,,7cdad438-6d4a-4b18-8901-23f241da346d,https://iiif.dl.itc.u-tokyo.ac.jp/repo/s/tanaka,https://iiif.dl.itc.u-tokyo.ac.jp/repo/s/tanaka/document/7cdad438-6d4a-4b18-8901-23f241da346d,https://www.lib.u-tokyo.ac.jp/ja/library/contents/archives-top/reuse,"https://iiif.dl.itc.u-tokyo.ac.jp/repo/iiif-img/162206/full/200,151/0/default.jpg",https://iiif.dl.itc.u-tokyo.ac.jp/repo/api/items/25232,"東京大学総合図書館 General Library in the University of Tokyo, JAPAN",http://iiif.io/api/presentation/2#rightToLeftDirection,,田中芳男・博物学コレクション,00000063,,https://iiif.dl.itc.u-tokyo.ac.jp/repo/iiif/7cdad438-6d4a-4b18-8901-23f241da346d/manifest,,,,,104
捃拾帖 六八,,,明治四十三年一月伊勢飯南郡物産品評会其他印刷物等来信広告等居多,第64冊,A00:6010,田中芳男,116,,79e31f56-6e0b-4cde-9527-ad158948080c,https://iiif.dl.itc.u-tokyo.ac.jp/repo/s/tanaka,https://iiif.dl.itc.u-tokyo.ac.jp/repo/s/tanaka/document/79e31f56-6e0b-4cde-9527-ad158948080c,https://www.lib.u-tokyo.ac.jp/ja/library/contents/archives-top/reuse,"https://iiif.dl.itc.u-tokyo.ac.jp/repo/iiif-img/162310/full/200,151/0/default.jpg",https://iiif.dl.itc.u-tokyo.ac.jp/repo/api/items/25263,"東京大学総合図書館 General Library in the University of Tokyo, JAPAN",http://iiif.io/api/presentation/2#rightToLeftDirection,,田中芳男・博物学コレクション,00000064,,https://iiif.dl.itc.u-tokyo.ac.jp/repo/iiif/79e31f56-6e0b-4cde-9527-ad158948080c/manifest,,,,,116
捃拾帖 六九,,,明治四十三年一月松阪町ヲ主トスルモノト五月名古屋市ヲ主トスルノ二冊以外ナル者ヲ貼附ス 同七月綴成スルモ尚五分一ノ餘紙ニ三十六年分張込,第65冊,A00:6010,田中芳男,93,,1b02b90f-a6bb-4997-b0bd-93333aaeb4ec,https://iiif.dl.itc.u-tokyo.ac.jp/repo/s/tanaka,https://iiif.dl.itc.u-tokyo.ac.jp/repo/s/tanaka/document/1b02b90f-a6bb-4997-b0bd-93333aaeb4ec,https://www.lib.u-tokyo.ac.jp/ja/library/contents/archives-top/reuse,"https://iiif.dl.itc.u-tokyo.ac.jp/repo/iiif-img/162426/full/200,151/0/default.jpg",https://iiif.dl.itc.u-tokyo.ac.jp/repo/api/items/25241,"東京大学総合図書館 General Library in the University of Tokyo, JAPAN",http://iiif.io/api/presentation/2#rightToLeftDirection,,田中芳男・博物学コレクション,00000065,,https://iiif.dl.itc.u-tokyo.ac.jp/repo/iiif/1b02b90f-a6bb-4997-b0bd-93333aaeb4ec/manifest,,,,,93
捃拾帖 七十,,,明治四十三年六月四日成 名古屋共進会関係材木業連合大会大日本山林会総会等印刷物 七月四日増加ノ分ヲ合セ綴上ケル,第66冊,A00:6010,田中芳男,147,,652cf259-2cc7-462e-8c60-4dfc84e3f2ae,https://iiif.dl.itc.u-tokyo.ac.jp/repo/s/tanaka,https://iiif.dl.itc.u-tokyo.ac.jp/repo/s/tanaka/document/652cf259-2cc7-462e-8c60-4dfc84e3f2ae,https://www.lib.u-tokyo.ac.jp/ja/library/contents/archives-top/reuse,"https://iiif.dl.itc.u-tokyo.ac.jp/repo/iiif-img/162519/full/200,151/0/default.jpg",https://iiif.dl.itc.u-tokyo.ac.jp/repo/api/items/25194,"東京大学総合図書館 General Library in the University of Tokyo, JAPAN",http://iiif.io/api/presentation/2#rightToLeftDirection,,田中芳男・博物学コレクション,00000066,,https://iiif.dl.itc.u-tokyo.ac.jp/repo/iiif/652cf259-2cc7-462e-8c60-4dfc84e3f2ae/manifest,,,,,147
捃拾帖 七一,,,明治四十三年分残片貼附 四十四年二月五日朝 田芳記,第67冊,A00:6010,田中芳男,160,,0f382464-3cf6-4f4b-bdd1-173383dc9ceb,https://iiif.dl.itc.u-tokyo.ac.jp/repo/s/tanaka,https://iiif.dl.itc.u-tokyo.ac.jp/repo/s/tanaka/document/0f382464-3cf6-4f4b-bdd1-173383dc9ceb,https://www.lib.u-tokyo.ac.jp/ja/library/contents/archives-top/reuse,"https://iiif.dl.itc.u-tokyo.ac.jp/repo/iiif-img/162666/full/200,151/0/default.jpg",https://iiif.dl.itc.u-tokyo.ac.jp/repo/api/items/25276,"東京大学総合図書館 General Library in the University of Tokyo, JAPAN",http://iiif.io/api/presentation/2#rightToLeftDirection,,田中芳男・博物学コレクション,00000067,,https://iiif.dl.itc.u-tokyo.ac.jp/repo/iiif/0f382464-3cf6-4f4b-bdd1-173383dc9ceb/manifest,,,,,160
捃拾帖 七二,大日本山林会第二十二回総会明治四十四年四月八日ニ於テ/石川県金沢市開設并森林視察旅行五日間実行関係帖,,,第68冊,A00:6010,田中芳男,92,,4095d9ee-3665-4de8-ac47-84cd7181ce46,https://iiif.dl.itc.u-tokyo.ac.jp/repo/s/tanaka,https://iiif.dl.itc.u-tokyo.ac.jp/repo/s/tanaka/document/4095d9ee-3665-4de8-ac47-84cd7181ce46,https://www.lib.u-tokyo.ac.jp/ja/library/contents/archives-top/reuse,"https://iiif.dl.itc.u-tokyo.ac.jp/repo/iiif-img/162826/full/200,151/0/default.jpg",https://iiif.dl.itc.u-tokyo.ac.jp/repo/api/items/25200,"東京大学総合図書館 General Library in the University of Tokyo, JAPAN",http://iiif.io/api/presentation/2#rightToLeftDirection,,田中芳男・博物学コレクション,00000068,,https://iiif.dl.itc.u-tokyo.ac.jp/repo/iiif/4095d9ee-3665-4de8-ac47-84cd7181ce46/manifest,,,,,92
捃拾帖 七三,,,明治四十四年五月一日(中央線)開通式并長野県下各地ノ祝賀会等所得 田中芳男,第69冊,A00:6010,田中芳男,115,,67188e3b-6b9c-4df7-b70a-e62362273654,https://iiif.dl.itc.u-tokyo.ac.jp/repo/s/tanaka,https://iiif.dl.itc.u-tokyo.ac.jp/repo/s/tanaka/document/67188e3b-6b9c-4df7-b70a-e62362273654,https://www.lib.u-tokyo.ac.jp/ja/library/contents/archives-top/reuse,"https://iiif.dl.itc.u-tokyo.ac.jp/repo/iiif-img/162918/full/200,151/0/default.jpg",https://iiif.dl.itc.u-tokyo.ac.jp/repo/api/items/25230,"東京大学総合図書館 General Library in the University of Tokyo, JAPAN",http://iiif.io/api/presentation/2#rightToLeftDirection,,田中芳男・博物学コレクション,00000069,,https://iiif.dl.itc.u-tokyo.ac.jp/repo/iiif/67188e3b-6b9c-4df7-b70a-e62362273654/manifest,,,,,115
捃拾帖 七四,,,明治四十四年五月中旬秋田県下ニ開設ノ第十六回日本材木業連合大会関係書,第70冊,A00:6010,田中芳男,61,,cfd7f07c-65a0-4a3f-89f3-99e9f78a67c3,https://iiif.dl.itc.u-tokyo.ac.jp/repo/s/tanaka,https://iiif.dl.itc.u-tokyo.ac.jp/repo/s/tanaka/document/cfd7f07c-65a0-4a3f-89f3-99e9f78a67c3,https://www.lib.u-tokyo.ac.jp/ja/library/contents/archives-top/reuse,"https://iiif.dl.itc.u-tokyo.ac.jp/repo/iiif-img/163033/full/200,151/0/default.jpg",https://iiif.dl.itc.u-tokyo.ac.jp/repo/api/items/25196,"東京大学総合図書館 General Library in the University of Tokyo, JAPAN",http://iiif.io/api/presentation/2#rightToLeftDirection,,田中芳男・博物学コレクション,00000070,,https://iiif.dl.itc.u-tokyo.ac.jp/repo/iiif/cfd7f07c-65a0-4a3f-89f3-99e9f78a67c3/manifest,,,,,61
捃拾帖 七五,,,明治四十四年七月初成 此他各地ニ於ケル開会ニ関スル分ハ之ヲ別冊トス,第71冊,A00:6010,田中芳男,140,,bb29bf81-f2b1-4a33-bdc1-b77702a802ca,https://iiif.dl.itc.u-tokyo.ac.jp/repo/s/tanaka,https://iiif.dl.itc.u-tokyo.ac.jp/repo/s/tanaka/document/bb29bf81-f2b1-4a33-bdc1-b77702a802ca,https://www.lib.u-tokyo.ac.jp/ja/library/contents/archives-top/reuse,"https://iiif.dl.itc.u-tokyo.ac.jp/repo/iiif-img/163094/full/200,151/0/default.jpg",https://iiif.dl.itc.u-tokyo.ac.jp/repo/api/items/25224,"東京大学総合図書館 General Library in the University of Tokyo, JAPAN",http://iiif.io/api/presentation/2#rightToLeftDirection,,田中芳男・博物学コレクション,00000071,,https://iiif.dl.itc.u-tokyo.ac.jp/repo/iiif/bb29bf81-f2b1-4a33-bdc1-b77702a802ca/manifest,,,,,140
捃拾帖 七六,,,明治四十四年十二月三十一日綴成 美穂子補助之 田中芳男,第72冊,A00:6010,田中芳男,268,,fe60f253-679a-4b1f-bf92-203bd1c2498a,https://iiif.dl.itc.u-tokyo.ac.jp/repo/s/tanaka,https://iiif.dl.itc.u-tokyo.ac.jp/repo/s/tanaka/document/fe60f253-679a-4b1f-bf92-203bd1c2498a,https://www.lib.u-tokyo.ac.jp/ja/library/contents/archives-top/reuse,"https://iiif.dl.itc.u-tokyo.ac.jp/repo/iiif-img/163234/full/200,151/0/default.jpg",https://iiif.dl.itc.u-tokyo.ac.jp/repo/api/items/25237,"東京大学総合図書館 General Library in the University of Tokyo, JAPAN",http://iiif.io/api/presentation/2#rightToLeftDirection,,田中芳男・博物学コレクション,00000072,,https://iiif.dl.itc.u-tokyo.ac.jp/repo/iiif/fe60f253-679a-4b1f-bf92-203bd1c2498a/manifest,,,,,268
捃拾帖 七七,,,明治四十五年ノ初ヨリ各地ヘ出張ノ際ニ於ケルモノアリ但馬城崎丹後宮津等ニ及フ 六月三十日貼附成 大黒山別荘寓 田中芳男記,第73冊,A00:6010,田中芳男,92,,17449564-cdc9-4d77-a86a-28aa2941ab1a,https://iiif.dl.itc.u-tokyo.ac.jp/repo/s/tanaka,https://iiif.dl.itc.u-tokyo.ac.jp/repo/s/tanaka/document/17449564-cdc9-4d77-a86a-28aa2941ab1a,https://www.lib.u-tokyo.ac.jp/ja/library/contents/archives-top/reuse,"https://iiif.dl.itc.u-tokyo.ac.jp/repo/iiif-img/163502/full/200,151/0/default.jpg",https://iiif.dl.itc.u-tokyo.ac.jp/repo/api/items/25270,"東京大学総合図書館 General Library in the University of Tokyo, JAPAN",http://iiif.io/api/presentation/2#rightToLeftDirection,,田中芳男・博物学コレクション,00000073,,https://iiif.dl.itc.u-tokyo.ac.jp/repo/iiif/17449564-cdc9-4d77-a86a-28aa2941ab1a/manifest,,,,,92
捃拾帖 七八,,,明治四十五年ヨリ大正元年十二月迄ノ分 同二十八日綴成,第74冊,A00:6010,田中芳男,127,,f63b1a51-3b48-4b44-9347-e4310c520092,https://iiif.dl.itc.u-tokyo.ac.jp/repo/s/tanaka,https://iiif.dl.itc.u-tokyo.ac.jp/repo/s/tanaka/document/f63b1a51-3b48-4b44-9347-e4310c520092,https://www.lib.u-tokyo.ac.jp/ja/library/contents/archives-top/reuse,"https://iiif.dl.itc.u-tokyo.ac.jp/repo/iiif-img/163594/full/200,151/0/default.jpg",https://iiif.dl.itc.u-tokyo.ac.jp/repo/api/items/25236,"東京大学総合図書館 General Library in the University of Tokyo, JAPAN",http://iiif.io/api/presentation/2#rightToLeftDirection,,田中芳男・博物学コレクション,00000074,,https://iiif.dl.itc.u-tokyo.ac.jp/repo/iiif/f63b1a51-3b48-4b44-9347-e4310c520092/manifest,,,,,127
捃拾帖 七九,,,大正二年度ノモノ多シ 但シ夫前ノモノ若干交ル 十月末迄 甲,第75冊,A00:6010,田中芳男,210,,92ef19fb-2604-423e-99f6-9b95dec2a17a,https://iiif.dl.itc.u-tokyo.ac.jp/repo/s/tanaka,https://iiif.dl.itc.u-tokyo.ac.jp/repo/s/tanaka/document/92ef19fb-2604-423e-99f6-9b95dec2a17a,https://www.lib.u-tokyo.ac.jp/ja/library/contents/archives-top/reuse,"https://iiif.dl.itc.u-tokyo.ac.jp/repo/iiif-img/163721/full/200,151/0/default.jpg",https://iiif.dl.itc.u-tokyo.ac.jp/repo/api/items/25205,"東京大学総合図書館 General Library in the University of Tokyo, JAPAN",http://iiif.io/api/presentation/2#rightToLeftDirection,,田中芳男・博物学コレクション,00000075,,https://iiif.dl.itc.u-tokyo.ac.jp/repo/iiif/92ef19fb-2604-423e-99f6-9b95dec2a17a/manifest,,,,,210
捃拾帖 八十,,,大正二年ノ末迄 但シ北海道出張ノ分ハ別冊トセリ 乙,第76冊,A00:6010,田中芳男,109,,0deed30d-27bb-497e-a02a-dcb49b8f9fec,https://iiif.dl.itc.u-tokyo.ac.jp/repo/s/tanaka,https://iiif.dl.itc.u-tokyo.ac.jp/repo/s/tanaka/document/0deed30d-27bb-497e-a02a-dcb49b8f9fec,https://www.lib.u-tokyo.ac.jp/ja/library/contents/archives-top/reuse,"https://iiif.dl.itc.u-tokyo.ac.jp/repo/iiif-img/163931/full/200,151/0/default.jpg",https://iiif.dl.itc.u-tokyo.ac.jp/repo/api/items/25272,"東京大学総合図書館 General Library in the University of Tokyo, JAPAN",http://iiif.io/api/presentation/2#rightToLeftDirection,,田中芳男・博物学コレクション,00000076,,https://iiif.dl.itc.u-tokyo.ac.jp/repo/iiif/0deed30d-27bb-497e-a02a-dcb49b8f9fec/manifest,,,,,109
捃拾帖 八一,大正二季五月四日田中芳男/七六展覧会書類,,大正三年一月十五日 田中五一整理美穂子綴成,第77冊,A00:6010,田中芳男,363,,7c2275c1-d86a-464f-9cc2-0f32869a26c7,https://iiif.dl.itc.u-tokyo.ac.jp/repo/s/tanaka,https://iiif.dl.itc.u-tokyo.ac.jp/repo/s/tanaka/document/7c2275c1-d86a-464f-9cc2-0f32869a26c7,https://www.lib.u-tokyo.ac.jp/ja/library/contents/archives-top/reuse,"https://iiif.dl.itc.u-tokyo.ac.jp/repo/iiif-img/164040/full/200,151/0/default.jpg",https://iiif.dl.itc.u-tokyo.ac.jp/repo/api/items/25219,"東京大学総合図書館 General Library in the University of Tokyo, JAPAN",http://iiif.io/api/presentation/2#rightToLeftDirection,,田中芳男・博物学コレクション,00000077,,https://iiif.dl.itc.u-tokyo.ac.jp/repo/iiif/7c2275c1-d86a-464f-9cc2-0f32869a26c7/manifest,,,,,363
捃拾帖 八二,大正二年八月北海道出張帖,,大日本山林会第二十三回総会并日本材木業第十七会大会開設ニ付出張中記載貼附 田中芳男,第78冊,A00:6010,田中芳男,176,,30b2e26b-35b2-4a88-b42b-1e049162844d,https://iiif.dl.itc.u-tokyo.ac.jp/repo/s/tanaka,https://iiif.dl.itc.u-tokyo.ac.jp/repo/s/tanaka/document/30b2e26b-35b2-4a88-b42b-1e049162844d,https://www.lib.u-tokyo.ac.jp/ja/library/contents/archives-top/reuse,"https://iiif.dl.itc.u-tokyo.ac.jp/repo/iiif-img/164403/full/200,151/0/default.jpg",https://iiif.dl.itc.u-tokyo.ac.jp/repo/api/items/25260,"東京大学総合図書館 General Library in the University of Tokyo, JAPAN",http://iiif.io/api/presentation/2#rightToLeftDirection,,田中芳男・博物学コレクション,00000078,,https://iiif.dl.itc.u-tokyo.ac.jp/repo/iiif/30b2e26b-35b2-4a88-b42b-1e049162844d/manifest,,,,,176
捃拾帖 八三,大正三年年賀帖,,大正三年一月六日成ル 田中芳男,第79冊,A00:6010,田中芳男,55,,fea6e704-4502-4468-8179-5513c49db08b,https://iiif.dl.itc.u-tokyo.ac.jp/repo/s/tanaka,https://iiif.dl.itc.u-tokyo.ac.jp/repo/s/tanaka/document/fea6e704-4502-4468-8179-5513c49db08b,https://www.lib.u-tokyo.ac.jp/ja/library/contents/archives-top/reuse,"https://iiif.dl.itc.u-tokyo.ac.jp/repo/iiif-img/164579/full/200,151/0/default.jpg",https://iiif.dl.itc.u-tokyo.ac.jp/repo/api/items/25254,"東京大学総合図書館 General Library in the University of Tokyo, JAPAN",http://iiif.io/api/presentation/2#rightToLeftDirection,,田中芳男・博物学コレクション,00000079,,https://iiif.dl.itc.u-tokyo.ac.jp/repo/iiif/fea6e704-4502-4468-8179-5513c49db08b/manifest,,,,,55
捃拾帖 八四,,,大正元年、二年、ノ分若干アリテ同三年分多シ 三年五月ニ畢ル 大正博覧会ノ分若干アリ 五月二十四日頃ニ美穂子綴上ケル,第80冊,A00:6010,田中芳男,203,,54aa2554-80d8-4671-b71d-734a2ac09915,https://iiif.dl.itc.u-tokyo.ac.jp/repo/s/tanaka,https://iiif.dl.itc.u-tokyo.ac.jp/repo/s/tanaka/document/54aa2554-80d8-4671-b71d-734a2ac09915,https://www.lib.u-tokyo.ac.jp/ja/library/contents/archives-top/reuse,"https://iiif.dl.itc.u-tokyo.ac.jp/repo/iiif-img/164634/full/200,151/0/default.jpg",https://iiif.dl.itc.u-tokyo.ac.jp/repo/api/items/25213,"東京大学総合図書館 General Library in the University of Tokyo, JAPAN",http://iiif.io/api/presentation/2#rightToLeftDirection,,田中芳男・博物学コレクション,00000080,,https://iiif.dl.itc.u-tokyo.ac.jp/repo/iiif/54aa2554-80d8-4671-b71d-734a2ac09915/manifest,,,,,203
捃拾帖 八五,,,大正三年四月三日ヨリ九日マデ徳島県ニ於テ開催大日本山林会第二十四回総会并視察旅行関係印刷雑集 田中芳男大正三年五月十三日成 目録在中,第81冊,A00:6010,田中芳男,60,,78ffe4be-515d-4f74-b8d2-e2fa83f345f1,https://iiif.dl.itc.u-tokyo.ac.jp/repo/s/tanaka,https://iiif.dl.itc.u-tokyo.ac.jp/repo/s/tanaka/document/78ffe4be-515d-4f74-b8d2-e2fa83f345f1,https://www.lib.u-tokyo.ac.jp/ja/library/contents/archives-top/reuse,"https://iiif.dl.itc.u-tokyo.ac.jp/repo/iiif-img/164837/full/200,151/0/default.jpg",https://iiif.dl.itc.u-tokyo.ac.jp/repo/api/items/25277,"東京大学総合図書館 General Library in the University of Tokyo, JAPAN",http://iiif.io/api/presentation/2#rightToLeftDirection,,田中芳男・博物学コレクション,00000081,,https://iiif.dl.itc.u-tokyo.ac.jp/repo/iiif/78ffe4be-515d-4f74-b8d2-e2fa83f345f1/manifest,,,,,60
捃拾帖 八六,,,大正三年ノ続キ大正博覧会ノ品若干入 尚貴重ノモノヲ貼附ス■■■ 十一月一日四日市天保会ニ終ル 十一月二十二日装丁成,第82冊,A00:6010,田中芳男,163,,71f2357d-94b3-40ca-a7d9-99163760019e,https://iiif.dl.itc.u-tokyo.ac.jp/repo/s/tanaka,https://iiif.dl.itc.u-tokyo.ac.jp/repo/s/tanaka/document/71f2357d-94b3-40ca-a7d9-99163760019e,https://www.lib.u-tokyo.ac.jp/ja/library/contents/archives-top/reuse,"https://iiif.dl.itc.u-tokyo.ac.jp/repo/iiif-img/164897/full/200,151/0/default.jpg",https://iiif.dl.itc.u-tokyo.ac.jp/repo/api/items/25220,"東京大学総合図書館 General Library in the University of Tokyo, JAPAN",http://iiif.io/api/presentation/2#rightToLeftDirection,,田中芳男・博物学コレクション,00000082,,https://iiif.dl.itc.u-tokyo.ac.jp/repo/iiif/71f2357d-94b3-40ca-a7d9-99163760019e/manifest,,,,,163
捃拾帖 八七,,,大正三年ノ末 国産奨励展覧会居多,第83冊,A00:6010,田中芳男,165,,c9e4d2a8-4e68-4e05-9d06-e371a3246ff0,https://iiif.dl.itc.u-tokyo.ac.jp/repo/s/tanaka,https://iiif.dl.itc.u-tokyo.ac.jp/repo/s/tanaka/document/c9e4d2a8-4e68-4e05-9d06-e371a3246ff0,https://www.lib.u-tokyo.ac.jp/ja/library/contents/archives-top/reuse,"https://iiif.dl.itc.u-tokyo.ac.jp/repo/iiif-img/165060/full/200,151/0/default.jpg",https://iiif.dl.itc.u-tokyo.ac.jp/repo/api/items/25189,"東京大学総合図書館 General Library in the University of Tokyo, JAPAN",http://iiif.io/api/presentation/2#rightToLeftDirection,,田中芳男・博物学コレクション,00000083,,https://iiif.dl.itc.u-tokyo.ac.jp/repo/iiif/c9e4d2a8-4e68-4e05-9d06-e371a3246ff0/manifest,,,,,165
捃拾帖 八八,大正四季賀帖 全,,,第84冊,A00:6010,田中芳男,44,,c679f065-d691-46f6-98ee-f8cf705ad421,https://iiif.dl.itc.u-tokyo.ac.jp/repo/s/tanaka,https://iiif.dl.itc.u-tokyo.ac.jp/repo/s/tanaka/document/c679f065-d691-46f6-98ee-f8cf705ad421,https://www.lib.u-tokyo.ac.jp/ja/library/contents/archives-top/reuse,"https://iiif.dl.itc.u-tokyo.ac.jp/repo/iiif-img/165225/full/200,151/0/default.jpg",https://iiif.dl.itc.u-tokyo.ac.jp/repo/api/items/25278,"東京大学総合図書館 General Library in the University of Tokyo, JAPAN",http://iiif.io/api/presentation/2#rightToLeftDirection,,田中芳男・博物学コレクション,00000084,,https://iiif.dl.itc.u-tokyo.ac.jp/repo/iiif/c679f065-d691-46f6-98ee-f8cf705ad421/manifest,,,,,44
捃拾帖 八九,,,大正四年一月ヨリ四月迄 但年賀名刺帖等ハ別冊トス八十八号,第85冊,A00:6010,田中芳男,114,,c8f6e88e-80f1-4012-992d-70748707d9d0,https://iiif.dl.itc.u-tokyo.ac.jp/repo/s/tanaka,https://iiif.dl.itc.u-tokyo.ac.jp/repo/s/tanaka/document/c8f6e88e-80f1-4012-992d-70748707d9d0,https://www.lib.u-tokyo.ac.jp/ja/library/contents/archives-top/reuse,"https://iiif.dl.itc.u-tokyo.ac.jp/repo/iiif-img/165269/full/200,151/0/default.jpg",https://iiif.dl.itc.u-tokyo.ac.jp/repo/api/items/25239,"東京大学総合図書館 General Library in the University of Tokyo, JAPAN",http://iiif.io/api/presentation/2#rightToLeftDirection,,田中芳男・博物学コレクション,00000085,,https://iiif.dl.itc.u-tokyo.ac.jp/repo/iiif/c8f6e88e-80f1-4012-992d-70748707d9d0/manifest,,,,,114
捃拾帖 九十,,,大正四四月静岡県開設大日本山林会第二十五回総会,第86冊,A00:6010,田中芳男,164,,a9055dc2-460a-42fd-8d6e-3be8e4f7a253,https://iiif.dl.itc.u-tokyo.ac.jp/repo/s/tanaka,https://iiif.dl.itc.u-tokyo.ac.jp/repo/s/tanaka/document/a9055dc2-460a-42fd-8d6e-3be8e4f7a253,https://www.lib.u-tokyo.ac.jp/ja/library/contents/archives-top/reuse,"https://iiif.dl.itc.u-tokyo.ac.jp/repo/iiif-img/165383/full/200,151/0/default.jpg",https://iiif.dl.itc.u-tokyo.ac.jp/repo/api/items/25238,"東京大学総合図書館 General Library in the University of Tokyo, JAPAN",http://iiif.io/api/presentation/2#rightToLeftDirection,,田中芳男・博物学コレクション,00000086,,https://iiif.dl.itc.u-tokyo.ac.jp/repo/iiif/a9055dc2-460a-42fd-8d6e-3be8e4f7a253/manifest,,,,,164
捃拾帖 九一,,,大正四年ノ第二ノ貼附ナリ但シ四月静岡県出張十月朝鮮出張十一月御大典京都出張ハ別冊トス (飯田町行ノ分ハ入レル),第87冊,A00:6010,田中芳男,162,,1075aa77-448a-4d85-8c02-867135fa524e,https://iiif.dl.itc.u-tokyo.ac.jp/repo/s/tanaka,https://iiif.dl.itc.u-tokyo.ac.jp/repo/s/tanaka/document/1075aa77-448a-4d85-8c02-867135fa524e,https://www.lib.u-tokyo.ac.jp/ja/library/contents/archives-top/reuse,"https://iiif.dl.itc.u-tokyo.ac.jp/repo/iiif-img/165547/full/200,151/0/default.jpg",https://iiif.dl.itc.u-tokyo.ac.jp/repo/api/items/25191,"東京大学総合図書館 General Library in the University of Tokyo, JAPAN",http://iiif.io/api/presentation/2#rightToLeftDirection,,田中芳男・博物学コレクション,00000087,,https://iiif.dl.itc.u-tokyo.ac.jp/repo/iiif/1075aa77-448a-4d85-8c02-867135fa524e/manifest,,,,,162
捃拾帖 九二,,,大正四年十月朝鮮共進会出張之際,第88冊,A00:6010,田中芳男,115,,a6d5491b-7a43-4082-819b-b98c2d026b94,https://iiif.dl.itc.u-tokyo.ac.jp/repo/s/tanaka,https://iiif.dl.itc.u-tokyo.ac.jp/repo/s/tanaka/document/a6d5491b-7a43-4082-819b-b98c2d026b94,https://www.lib.u-tokyo.ac.jp/ja/library/contents/archives-top/reuse,"https://iiif.dl.itc.u-tokyo.ac.jp/repo/iiif-img/165709/full/200,151/0/default.jpg",https://iiif.dl.itc.u-tokyo.ac.jp/repo/api/items/25180,"東京大学総合図書館 General Library in the University of Tokyo, JAPAN",http://iiif.io/api/presentation/2#rightToLeftDirection,,田中芳男・博物学コレクション,00000088,,https://iiif.dl.itc.u-tokyo.ac.jp/repo/iiif/a6d5491b-7a43-4082-819b-b98c2d026b94/manifest,,,,,115
捃拾帖 九三,,,大正四年十一月京都出張 御大典関係其外印刷物等,第89冊,A00:6010,田中芳男,246,,7529b21b-41a3-4177-ae1c-5a059ae7f4fe,https://iiif.dl.itc.u-tokyo.ac.jp/repo/s/tanaka,https://iiif.dl.itc.u-tokyo.ac.jp/repo/s/tanaka/document/7529b21b-41a3-4177-ae1c-5a059ae7f4fe,https://www.lib.u-tokyo.ac.jp/ja/library/contents/archives-top/reuse,"https://iiif.dl.itc.u-tokyo.ac.jp/repo/iiif-img/165824/full/200,151/0/default.jpg",https://iiif.dl.itc.u-tokyo.ac.jp/repo/api/items/25187,"東京大学総合図書館 General Library in the University of Tokyo, JAPAN",http://iiif.io/api/presentation/2#rightToLeftDirection,,田中芳男・博物学コレクション,00000089,,https://iiif.dl.itc.u-tokyo.ac.jp/repo/iiif/7529b21b-41a3-4177-ae1c-5a059ae7f4fe/manifest,,,,,246
捃拾帖 九四,,,第十八回日本材木業連合大会 大正四年十一月五日名古屋市ニテ開会,第90冊,A00:6010,田中芳男,74,,173cf4f6-e59c-4767-94f1-56724de7c41b,https://iiif.dl.itc.u-tokyo.ac.jp/repo/s/tanaka,https://iiif.dl.itc.u-tokyo.ac.jp/repo/s/tanaka/document/173cf4f6-e59c-4767-94f1-56724de7c41b,https://www.lib.u-tokyo.ac.jp/ja/library/contents/archives-top/reuse,"https://iiif.dl.itc.u-tokyo.ac.jp/repo/iiif-img/166070/full/200,151/0/default.jpg",https://iiif.dl.itc.u-tokyo.ac.jp/repo/api/items/25261,"東京大学総合図書館 General Library in the University of Tokyo, JAPAN",http://iiif.io/api/presentation/2#rightToLeftDirection,,田中芳男・博物学コレクション,00000090,,https://iiif.dl.itc.u-tokyo.ac.jp/repo/iiif/173cf4f6-e59c-4767-94f1-56724de7c41b/manifest,,,,,74
捃拾帖 九四,,,大正四年十月ヨリ大正五年五月マデ,第91冊,A00:6010,田中芳男,143,,0fe2056e-ed9e-4f98-8bcb-fb34d74c8900,https://iiif.dl.itc.u-tokyo.ac.jp/repo/s/tanaka,https://iiif.dl.itc.u-tokyo.ac.jp/repo/s/tanaka/document/0fe2056e-ed9e-4f98-8bcb-fb34d74c8900,https://www.lib.u-tokyo.ac.jp/ja/library/contents/archives-top/reuse,"https://iiif.dl.itc.u-tokyo.ac.jp/repo/iiif-img/166144/full/200,151/0/default.jpg",https://iiif.dl.itc.u-tokyo.ac.jp/repo/api/items/25211,"東京大学総合図書館 General Library in the University of Tokyo, JAPAN",http://iiif.io/api/presentation/2#rightToLeftDirection,,田中芳男・博物学コレクション,00000091,,https://iiif.dl.itc.u-tokyo.ac.jp/repo/iiif/0fe2056e-ed9e-4f98-8bcb-fb34d74c8900/manifest,,,,,143
捃拾帖 九五,,,大正五年六月終,第92冊,A00:6010,田中芳男,143,,5e421818-26f3-4b60-b01d-c917afc75c38,https://iiif.dl.itc.u-tokyo.ac.jp/repo/s/tanaka,https://iiif.dl.itc.u-tokyo.ac.jp/repo/s/tanaka/document/5e421818-26f3-4b60-b01d-c917afc75c38,https://www.lib.u-tokyo.ac.jp/ja/library/contents/archives-top/reuse,"https://iiif.dl.itc.u-tokyo.ac.jp/repo/iiif-img/166287/full/200,151/0/default.jpg",https://iiif.dl.itc.u-tokyo.ac.jp/repo/api/items/25214,"東京大学総合図書館 General Library in the University of Tokyo, JAPAN",http://iiif.io/api/presentation/2#rightToLeftDirection,,田中芳男・博物学コレクション,00000092,,https://iiif.dl.itc.u-tokyo.ac.jp/repo/iiif/5e421818-26f3-4b60-b01d-c917afc75c38/manifest,,,,,143
捃拾帖 附録,紙之品種,,維新前ヨリ貯ヘシモノヲ今漫ニ貼附スルノミ 田中芳男,第93冊,A00:6010,田中芳男,52,,2612c83e-706c-45a1-8ed6-1df7fa60a405,https://iiif.dl.itc.u-tokyo.ac.jp/repo/s/tanaka,https://iiif.dl.itc.u-tokyo.ac.jp/repo/s/tanaka/document/2612c83e-706c-45a1-8ed6-1df7fa60a405,https://www.lib.u-tokyo.ac.jp/ja/library/contents/archives-top/reuse,"https://iiif.dl.itc.u-tokyo.ac.jp/repo/iiif-img/166430/full/200,151/0/default.jpg",https://iiif.dl.itc.u-tokyo.ac.jp/repo/api/items/25269,"東京大学総合図書館 General Library in the University of Tokyo, JAPAN",http://iiif.io/api/presentation/2#rightToLeftDirection,,田中芳男・博物学コレクション,00000093,,https://iiif.dl.itc.u-tokyo.ac.jp/repo/iiif/2612c83e-706c-45a1-8ed6-1df7fa60a405/manifest,,,,,52
新古大捃拾帖,,,従前ノ末ヘ尚増加一冊トス 大正二年三月十日成 田中芳男,,A00:6010,田中芳男,354,,f04d8345-93d2-4fd0-9d76-c07efb99d99f,https://iiif.dl.itc.u-tokyo.ac.jp/repo/s/tanaka,https://iiif.dl.itc.u-tokyo.ac.jp/repo/s/tanaka/document/f04d8345-93d2-4fd0-9d76-c07efb99d99f,https://www.lib.u-tokyo.ac.jp/ja/library/contents/archives-top/reuse,"https://iiif.dl.itc.u-tokyo.ac.jp/repo/iiif-img/153764/full/200,151/0/default.jpg",https://iiif.dl.itc.u-tokyo.ac.jp/repo/api/items/25279,"東京大学総合図書館 General Library in the University of Tokyo, JAPAN",http://iiif.io/api/presentation/2#rightToLeftDirection,,田中芳男・博物学コレクション,00000094,,https://iiif.dl.itc.u-tokyo.ac.jp/repo/iiif/f04d8345-93d2-4fd0-9d76-c07efb99d99f/manifest,,,,,353
博物帖,,,,,A00:6011,田中芳男,200,折本。「表紙」「表面・見開き(2面)」「裏表紙」「裏面・見開き(2面)」の順番で撮影。,1cf47d2f-3c9f-4466-b632-f9a431789234,https://iiif.dl.itc.u-tokyo.ac.jp/repo/s/tanaka,https://iiif.dl.itc.u-tokyo.ac.jp/repo/s/tanaka/document/1cf47d2f-3c9f-4466-b632-f9a431789234,https://www.lib.u-tokyo.ac.jp/ja/library/contents/archives-top/reuse,"https://iiif.dl.itc.u-tokyo.ac.jp/repo/iiif-img/166482/full/200,151/0/default.jpg",https://iiif.dl.itc.u-tokyo.ac.jp/repo/api/items/25223,"東京大学総合図書館 General Library in the University of Tokyo, JAPAN",http://iiif.io/api/presentation/2#rightToLeftDirection,,田中芳男・博物学コレクション,00000095,,https://iiif.dl.itc.u-tokyo.ac.jp/repo/iiif/1cf47d2f-3c9f-4466-b632-f9a431789234/manifest,,,,,200
捃拾印刷雑帖,,,明治三十年神戸市第二回資産博覧会 夫ヨリ伊勢ニ至ルマデ 田中芳男 三十一年三月貼附畢,,A00:6013,田中芳男,170,,87878a8b-d0d3-45fc-831e-c58d875f6560,https://iiif.dl.itc.u-tokyo.ac.jp/repo/s/tanaka,https://iiif.dl.itc.u-tokyo.ac.jp/repo/s/tanaka/document/87878a8b-d0d3-45fc-831e-c58d875f6560,https://www.lib.u-tokyo.ac.jp/ja/library/contents/archives-top/reuse,"https://iiif.dl.itc.u-tokyo.ac.jp/repo/iiif-img/166682/full/200,151/0/default.jpg",https://iiif.dl.itc.u-tokyo.ac.jp/repo/api/items/25242,"東京大学総合図書館 General Library in the University of Tokyo, JAPAN",http://iiif.io/api/presentation/2#rightToLeftDirection,,田中芳男・博物学コレクション,00000096,,https://iiif.dl.itc.u-tokyo.ac.jp/repo/iiif/87878a8b-d0d3-45fc-831e-c58d875f6560/manifest,,,,,170
外国捃拾帖 一,,,仏国博覧会之節所採集,第1冊,A00:6141,田中芳男,54,,439de0af-e08a-476d-a4f4-db91daee0413,https://iiif.dl.itc.u-tokyo.ac.jp/repo/s/tanaka,https://iiif.dl.itc.u-tokyo.ac.jp/repo/s/tanaka/document/439de0af-e08a-476d-a4f4-db91daee0413,https://www.lib.u-tokyo.ac.jp/ja/library/contents/archives-top/reuse,"https://iiif.dl.itc.u-tokyo.ac.jp/repo/iiif-img/166852/full/200,151/0/default.jpg",https://iiif.dl.itc.u-tokyo.ac.jp/repo/api/items/25218,"東京大学総合図書館 General Library in the University of Tokyo, JAPAN",http://iiif.io/api/presentation/2#rightToLeftDirection,,田中芳男・博物学コレクション,00000097,,https://iiif.dl.itc.u-tokyo.ac.jp/repo/iiif/439de0af-e08a-476d-a4f4-db91daee0413/manifest,,,,,54
外国捃拾帖 二,,,仏国博覧会其外共,第2冊,A00:6141,田中芳男,85,,c8e64d67-51af-4cfb-99f9-2c191ac4ef3b,https://iiif.dl.itc.u-tokyo.ac.jp/repo/s/tanaka,https://iiif.dl.itc.u-tokyo.ac.jp/repo/s/tanaka/document/c8e64d67-51af-4cfb-99f9-2c191ac4ef3b,https://www.lib.u-tokyo.ac.jp/ja/library/contents/archives-top/reuse,"https://iiif.dl.itc.u-tokyo.ac.jp/repo/iiif-img/166906/full/200,151/0/default.jpg",https://iiif.dl.itc.u-tokyo.ac.jp/repo/api/items/25186,"東京大学総合図書館 General Library in the University of Tokyo, JAPAN",http://iiif.io/api/presentation/2#rightToLeftDirection,,田中芳男・博物学コレクション,00000098,,https://iiif.dl.itc.u-tokyo.ac.jp/repo/iiif/c8e64d67-51af-4cfb-99f9-2c191ac4ef3b/manifest,,,,,85
外国捃拾帖 三,,,墺国博覧会,第3冊,A00:6141,田中芳男,263,,e4756874-9c62-4abf-9588-ab6b243df0ba,https://iiif.dl.itc.u-tokyo.ac.jp/repo/s/tanaka,https://iiif.dl.itc.u-tokyo.ac.jp/repo/s/tanaka/document/e4756874-9c62-4abf-9588-ab6b243df0ba,https://www.lib.u-tokyo.ac.jp/ja/library/contents/archives-top/reuse,"https://iiif.dl.itc.u-tokyo.ac.jp/repo/iiif-img/166991/full/200,151/0/default.jpg",https://iiif.dl.itc.u-tokyo.ac.jp/repo/api/items/25210,"東京大学総合図書館 General Library in the University of Tokyo, JAPAN",http://iiif.io/api/presentation/2#rightToLeftDirection,,田中芳男・博物学コレクション,00000099,,https://iiif.dl.itc.u-tokyo.ac.jp/repo/iiif/e4756874-9c62-4abf-9588-ab6b243df0ba/manifest,,,,,263
外国捃拾帖 四,,,米国博覧会,第4冊,A00:6141,田中芳男,179,,28f334b3-8ef0-4e98-92d8-1f055514cef3,https://iiif.dl.itc.u-tokyo.ac.jp/repo/s/tanaka,https://iiif.dl.itc.u-tokyo.ac.jp/repo/s/tanaka/document/28f334b3-8ef0-4e98-92d8-1f055514cef3,https://www.lib.u-tokyo.ac.jp/ja/library/contents/archives-top/reuse,"https://iiif.dl.itc.u-tokyo.ac.jp/repo/iiif-img/167254/full/200,151/0/default.jpg",https://iiif.dl.itc.u-tokyo.ac.jp/repo/api/items/25246,"東京大学総合図書館 General Library in the University of Tokyo, JAPAN",http://iiif.io/api/presentation/2#rightToLeftDirection,,田中芳男・博物学コレクション,00000100,,https://iiif.dl.itc.u-tokyo.ac.jp/repo/iiif/28f334b3-8ef0-4e98-92d8-1f055514cef3/manifest,,,,,179
外国捃拾帖 五,,,米国博覧会其外共,第5冊,A00:6141,田中芳男,336,,b9e50108-b8b0-43e5-ae16-c5c51d3e457c,https://iiif.dl.itc.u-tokyo.ac.jp/repo/s/tanaka,https://iiif.dl.itc.u-tokyo.ac.jp/repo/s/tanaka/document/b9e50108-b8b0-43e5-ae16-c5c51d3e457c,https://www.lib.u-tokyo.ac.jp/ja/library/contents/archives-top/reuse,"https://iiif.dl.itc.u-tokyo.ac.jp/repo/iiif-img/167433/full/200,151/0/default.jpg",https://iiif.dl.itc.u-tokyo.ac.jp/repo/api/items/25198,"東京大学総合図書館 General Library in the University of Tokyo, JAPAN",http://iiif.io/api/presentation/2#rightToLeftDirection,,田中芳男・博物学コレクション,00000101,,https://iiif.dl.itc.u-tokyo.ac.jp/repo/iiif/b9e50108-b8b0-43e5-ae16-c5c51d3e457c/manifest,,,,,335
