タイトル,書名,書名ヨミ,著者,出版者,大きさ,請求記号,一般注記,iiif viewer,ID,ウェブサイトURL,アイテムURL,利用条件,サムネイル,機械可読ドキュメント,帰属,viewingDirection,viewingHint,コレクション,ソート用項目,西暦,IIIFマニフェストURI,IIIF Search API URI,アノテーション付きIIIFマニフェストURI,Link to TAPAS Project,Text with Rich Text Format,# of media
dcterms:title,dcndl:seriesTitle,dcndl:seriesTitleTranscription,dcterms:creator,dcterms:publisher,dcterms:extent,dcndl:callNumber,dcterms:description,iiif viewer,bibo:identifier,dcterms:isPartOf,dcterms:relation,dcterms:rights,foaf:thumbnail,rdfs:seeAlso,sc:attributionLabel,sc:viewingDirection,sc:viewingHint,uterms:databaseLabel,uterms:sort,uterms:year,uterms:manifestUri,uterms:searchApiUri,uterms:annotedManifest,uterms:linkToTapas,uterms:rtf,2247
桐壺,源氏物語,ゲンジ モノガタリ,[紫式部著],[書写地不明] : [書写者不明],54冊 ; 21cm,A00:6587,"青洲文庫書名は帙題簽による
巻次は題簽による
責任表示は『日本古典籍総合目録データベース』による
朱筆書き入れあり
虫損あり
旧請求記号 E23:48",http://tify.sub.uni-goettingen.de/demo.html?manifest=https://archdataset.dl.itc.u-tokyo.ac.jp/manifest/c1ea8e6b-9403-4394-8619-96aad0ec6329.json,c1ea8e6b-9403-4394-8619-96aad0ec6329,https://iiif.dl.itc.u-tokyo.ac.jp/repo/s/genji/,https://iiif.dl.itc.u-tokyo.ac.jp/repo/s/genji/document/c1ea8e6b-9403-4394-8619-96aad0ec6329,https://www.lib.u-tokyo.ac.jp/ja/library/contents/archives-top/reuse,https://iiif.dl.itc.u-tokyo.ac.jp/repo/files/medium/082f3475f5b03e1820688882d003ce39772ebb4c.jpg,https://iiif.dl.itc.u-tokyo.ac.jp/repo/api/items/275151,,http://iiif.io/api/presentation/2#rightToLeftDirection,,,01,,https://iiif.dl.itc.u-tokyo.ac.jp/repo/iiif/c1ea8e6b-9403-4394-8619-96aad0ec6329/manifest,,,,,32
帚木,源氏物語,ゲンジ モノガタリ,[紫式部著],[書写地不明] : [書写者不明],54冊 ; 21cm,A00:6587,"青洲文庫書名は帙題簽による
巻次は題簽による
責任表示は『日本古典籍総合目録データベース』による
朱筆書き入れあり
虫損あり
旧請求記号 E23:48",http://tify.sub.uni-goettingen.de/demo.html?manifest=https://archdataset.dl.itc.u-tokyo.ac.jp/manifest/4c7f22cf-9fe1-5405-1f3a-c53b39e3a45e.json,4c7f22cf-9fe1-5405-1f3a-c53b39e3a45e,https://iiif.dl.itc.u-tokyo.ac.jp/repo/s/genji/,https://iiif.dl.itc.u-tokyo.ac.jp/repo/s/genji/document/4c7f22cf-9fe1-5405-1f3a-c53b39e3a45e,https://www.lib.u-tokyo.ac.jp/ja/library/contents/archives-top/reuse,https://iiif.dl.itc.u-tokyo.ac.jp/repo/files/medium/707d9c58014ca5f13e94210694e944026cae887d.jpg,https://iiif.dl.itc.u-tokyo.ac.jp/repo/api/items/275152,,http://iiif.io/api/presentation/2#rightToLeftDirection,,,02,,https://iiif.dl.itc.u-tokyo.ac.jp/repo/iiif/4c7f22cf-9fe1-5405-1f3a-c53b39e3a45e/manifest,,,,,62
空蝉,源氏物語,ゲンジ モノガタリ,[紫式部著],[書写地不明] : [書写者不明],54冊 ; 21cm,A00:6587,"青洲文庫書名は帙題簽による
巻次は題簽による
責任表示は『日本古典籍総合目録データベース』による
朱筆書き入れあり
虫損あり
旧請求記号 E23:48",http://tify.sub.uni-goettingen.de/demo.html?manifest=https://archdataset.dl.itc.u-tokyo.ac.jp/manifest/48bf5555-1449-3b07-4a4e-400faea49f2f.json,48bf5555-1449-3b07-4a4e-400faea49f2f,https://iiif.dl.itc.u-tokyo.ac.jp/repo/s/genji/,https://iiif.dl.itc.u-tokyo.ac.jp/repo/s/genji/document/48bf5555-1449-3b07-4a4e-400faea49f2f,https://www.lib.u-tokyo.ac.jp/ja/library/contents/archives-top/reuse,https://iiif.dl.itc.u-tokyo.ac.jp/repo/files/medium/2ff5ad52ad67276e6309bf522852dffeb5ae4a65.jpg,https://iiif.dl.itc.u-tokyo.ac.jp/repo/api/items/275153,,http://iiif.io/api/presentation/2#rightToLeftDirection,,,03,,https://iiif.dl.itc.u-tokyo.ac.jp/repo/iiif/48bf5555-1449-3b07-4a4e-400faea49f2f/manifest,,,,,18
夕顔,源氏物語,ゲンジ モノガタリ,[紫式部著],[書写地不明] : [書写者不明],54冊 ; 21cm,A00:6587,"青洲文庫書名は帙題簽による
巻次は題簽による
責任表示は『日本古典籍総合目録データベース』による
朱筆書き入れあり
虫損あり
旧請求記号 E23:48",http://tify.sub.uni-goettingen.de/demo.html?manifest=https://archdataset.dl.itc.u-tokyo.ac.jp/manifest/cbb5d028-05a6-326a-4976-d61354b5731f.json,cbb5d028-05a6-326a-4976-d61354b5731f,https://iiif.dl.itc.u-tokyo.ac.jp/repo/s/genji/,https://iiif.dl.itc.u-tokyo.ac.jp/repo/s/genji/document/cbb5d028-05a6-326a-4976-d61354b5731f,https://www.lib.u-tokyo.ac.jp/ja/library/contents/archives-top/reuse,https://iiif.dl.itc.u-tokyo.ac.jp/repo/files/medium/05b2af61a788209c52093049ebcacc26928f1b16.jpg,https://iiif.dl.itc.u-tokyo.ac.jp/repo/api/items/275154,,http://iiif.io/api/presentation/2#rightToLeftDirection,,,04,,https://iiif.dl.itc.u-tokyo.ac.jp/repo/iiif/cbb5d028-05a6-326a-4976-d61354b5731f/manifest,,,,,61
若紫,源氏物語,ゲンジ モノガタリ,[紫式部著],[書写地不明] : [書写者不明],54冊 ; 21cm,A00:6587,"青洲文庫書名は帙題簽による
巻次は題簽による
責任表示は『日本古典籍総合目録データベース』による
朱筆書き入れあり
虫損あり
旧請求記号 E23:48",http://tify.sub.uni-goettingen.de/demo.html?manifest=https://archdataset.dl.itc.u-tokyo.ac.jp/manifest/3e3b8127-47f1-846e-2661-66f5c6665353.json,3e3b8127-47f1-846e-2661-66f5c6665353,https://iiif.dl.itc.u-tokyo.ac.jp/repo/s/genji/,https://iiif.dl.itc.u-tokyo.ac.jp/repo/s/genji/document/3e3b8127-47f1-846e-2661-66f5c6665353,https://www.lib.u-tokyo.ac.jp/ja/library/contents/archives-top/reuse,https://iiif.dl.itc.u-tokyo.ac.jp/repo/files/medium/ad936d2a2b341652cb1ab7e25f65cafb67ef021d.jpg,https://iiif.dl.itc.u-tokyo.ac.jp/repo/api/items/275155,,http://iiif.io/api/presentation/2#rightToLeftDirection,,,05,,https://iiif.dl.itc.u-tokyo.ac.jp/repo/iiif/3e3b8127-47f1-846e-2661-66f5c6665353/manifest,,,,,55
末摘花,源氏物語,ゲンジ モノガタリ,[紫式部著],[書写地不明] : [書写者不明],54冊 ; 21cm,A00:6587,"青洲文庫書名は帙題簽による
巻次は題簽による
責任表示は『日本古典籍総合目録データベース』による
朱筆書き入れあり
虫損あり
旧請求記号 E23:48",http://tify.sub.uni-goettingen.de/demo.html?manifest=https://archdataset.dl.itc.u-tokyo.ac.jp/manifest/9b019cdd-a43c-3671-3139-96c3918a356f.json,9b019cdd-a43c-3671-3139-96c3918a356f,https://iiif.dl.itc.u-tokyo.ac.jp/repo/s/genji/,https://iiif.dl.itc.u-tokyo.ac.jp/repo/s/genji/document/9b019cdd-a43c-3671-3139-96c3918a356f,https://www.lib.u-tokyo.ac.jp/ja/library/contents/archives-top/reuse,https://iiif.dl.itc.u-tokyo.ac.jp/repo/files/medium/75f8470d741d1c825d32c8bd958dbebd3e0f6dfa.jpg,https://iiif.dl.itc.u-tokyo.ac.jp/repo/api/items/275156,,http://iiif.io/api/presentation/2#rightToLeftDirection,,,06,,https://iiif.dl.itc.u-tokyo.ac.jp/repo/iiif/9b019cdd-a43c-3671-3139-96c3918a356f/manifest,,,,,38
紅葉加(紅葉賀),源氏物語,ゲンジ モノガタリ,[紫式部著],[書写地不明] : [書写者不明],54冊 ; 21cm,A00:6587,"青洲文庫書名は帙題簽による
巻次は題簽による
責任表示は『日本古典籍総合目録データベース』による
朱筆書き入れあり
虫損あり
旧請求記号 E23:48",http://tify.sub.uni-goettingen.de/demo.html?manifest=https://archdataset.dl.itc.u-tokyo.ac.jp/manifest/952541dd-7d2c-2771-11e5-8a85d2105938.json,952541dd-7d2c-2771-11e5-8a85d2105938,https://iiif.dl.itc.u-tokyo.ac.jp/repo/s/genji/,https://iiif.dl.itc.u-tokyo.ac.jp/repo/s/genji/document/952541dd-7d2c-2771-11e5-8a85d2105938,https://www.lib.u-tokyo.ac.jp/ja/library/contents/archives-top/reuse,https://iiif.dl.itc.u-tokyo.ac.jp/repo/files/medium/a6007d38d10c305c456419ba4ca2ccb4356a768e.jpg,https://iiif.dl.itc.u-tokyo.ac.jp/repo/api/items/275157,,http://iiif.io/api/presentation/2#rightToLeftDirection,,,07,,https://iiif.dl.itc.u-tokyo.ac.jp/repo/iiif/952541dd-7d2c-2771-11e5-8a85d2105938/manifest,,,,,36
花宴,源氏物語,ゲンジ モノガタリ,[紫式部著],[書写地不明] : [書写者不明],54冊 ; 21cm,A00:6587,"青洲文庫書名は帙題簽による
巻次は題簽による
責任表示は『日本古典籍総合目録データベース』による
朱筆書き入れあり
虫損あり
旧請求記号 E23:48",http://tify.sub.uni-goettingen.de/demo.html?manifest=https://archdataset.dl.itc.u-tokyo.ac.jp/manifest/e3d12c86-409c-2980-0574-a1d292eb60ab.json,e3d12c86-409c-2980-0574-a1d292eb60ab,https://iiif.dl.itc.u-tokyo.ac.jp/repo/s/genji/,https://iiif.dl.itc.u-tokyo.ac.jp/repo/s/genji/document/e3d12c86-409c-2980-0574-a1d292eb60ab,https://www.lib.u-tokyo.ac.jp/ja/library/contents/archives-top/reuse,https://iiif.dl.itc.u-tokyo.ac.jp/repo/files/medium/8b5bc65b81a208f3c3c7712d942d1054a71c0271.jpg,https://iiif.dl.itc.u-tokyo.ac.jp/repo/api/items/275158,,http://iiif.io/api/presentation/2#rightToLeftDirection,,,08,,https://iiif.dl.itc.u-tokyo.ac.jp/repo/iiif/e3d12c86-409c-2980-0574-a1d292eb60ab/manifest,,,,,16
葵,源氏物語,ゲンジ モノガタリ,[紫式部著],[書写地不明] : [書写者不明],54冊 ; 21cm,A00:6587,"青洲文庫書名は帙題簽による
巻次は題簽による
責任表示は『日本古典籍総合目録データベース』による
朱筆書き入れあり
虫損あり
旧請求記号 E23:48",http://tify.sub.uni-goettingen.de/demo.html?manifest=https://archdataset.dl.itc.u-tokyo.ac.jp/manifest/d9c1360e-61b5-7757-3e31-d991fa9d53a4.json,d9c1360e-61b5-7757-3e31-d991fa9d53a4,https://iiif.dl.itc.u-tokyo.ac.jp/repo/s/genji/,https://iiif.dl.itc.u-tokyo.ac.jp/repo/s/genji/document/d9c1360e-61b5-7757-3e31-d991fa9d53a4,https://www.lib.u-tokyo.ac.jp/ja/library/contents/archives-top/reuse,https://iiif.dl.itc.u-tokyo.ac.jp/repo/files/medium/b0a891a07b68bfdf6c407c423356d7595dcd357e.jpg,https://iiif.dl.itc.u-tokyo.ac.jp/repo/api/items/275159,,http://iiif.io/api/presentation/2#rightToLeftDirection,,,09,,https://iiif.dl.itc.u-tokyo.ac.jp/repo/iiif/d9c1360e-61b5-7757-3e31-d991fa9d53a4/manifest,,,,,54
"龍眼木(賢木 , 榊)",源氏物語,ゲンジ モノガタリ,[紫式部著],[書写地不明] : [書写者不明],54冊 ; 21cm,A00:6587,"青洲文庫書名は帙題簽による
巻次は題簽による
責任表示は『日本古典籍総合目録データベース』による
朱筆書き入れあり
虫損あり
旧請求記号 E23:48",http://tify.sub.uni-goettingen.de/demo.html?manifest=https://archdataset.dl.itc.u-tokyo.ac.jp/manifest/0590814b-938f-0f7d-4984-a6d74cce6f5f.json,0590814b-938f-0f7d-4984-a6d74cce6f5f,https://iiif.dl.itc.u-tokyo.ac.jp/repo/s/genji/,https://iiif.dl.itc.u-tokyo.ac.jp/repo/s/genji/document/0590814b-938f-0f7d-4984-a6d74cce6f5f,https://www.lib.u-tokyo.ac.jp/ja/library/contents/archives-top/reuse,https://iiif.dl.itc.u-tokyo.ac.jp/repo/files/medium/6b313c6102529e09385fe63f95663c673fa78a1c.jpg,https://iiif.dl.itc.u-tokyo.ac.jp/repo/api/items/275160,,http://iiif.io/api/presentation/2#rightToLeftDirection,,,10,,https://iiif.dl.itc.u-tokyo.ac.jp/repo/iiif/0590814b-938f-0f7d-4984-a6d74cce6f5f/manifest,,,,,59
花散里,源氏物語,ゲンジ モノガタリ,[紫式部著],[書写地不明] : [書写者不明],54冊 ; 21cm,A00:6587,"青洲文庫書名は帙題簽による
巻次は題簽による
責任表示は『日本古典籍総合目録データベース』による
朱筆書き入れあり
虫損あり
旧請求記号 E23:48",http://tify.sub.uni-goettingen.de/demo.html?manifest=https://archdataset.dl.itc.u-tokyo.ac.jp/manifest/1077d20f-07b7-2732-8a54-5b24f2cc787f.json,1077d20f-07b7-2732-8a54-5b24f2cc787f,https://iiif.dl.itc.u-tokyo.ac.jp/repo/s/genji/,https://iiif.dl.itc.u-tokyo.ac.jp/repo/s/genji/document/1077d20f-07b7-2732-8a54-5b24f2cc787f,https://www.lib.u-tokyo.ac.jp/ja/library/contents/archives-top/reuse,https://iiif.dl.itc.u-tokyo.ac.jp/repo/files/medium/b1f48e3a8967f8184b33d7c20deba15dde4b0508.jpg,https://iiif.dl.itc.u-tokyo.ac.jp/repo/api/items/275161,,http://iiif.io/api/presentation/2#rightToLeftDirection,,,11,,https://iiif.dl.itc.u-tokyo.ac.jp/repo/iiif/1077d20f-07b7-2732-8a54-5b24f2cc787f/manifest,,,,,9
須磨,源氏物語,ゲンジ モノガタリ,[紫式部著],[書写地不明] : [書写者不明],54冊 ; 21cm,A00:6587,"青洲文庫書名は帙題簽による
巻次は題簽による
責任表示は『日本古典籍総合目録データベース』による
朱筆書き入れあり
虫損あり
旧請求記号 E23:48",http://tify.sub.uni-goettingen.de/demo.html?manifest=https://archdataset.dl.itc.u-tokyo.ac.jp/manifest/1e3ad9e7-30ca-3869-4561-e4a9ec8e74f3.json,1e3ad9e7-30ca-3869-4561-e4a9ec8e74f3,https://iiif.dl.itc.u-tokyo.ac.jp/repo/s/genji/,https://iiif.dl.itc.u-tokyo.ac.jp/repo/s/genji/document/1e3ad9e7-30ca-3869-4561-e4a9ec8e74f3,https://www.lib.u-tokyo.ac.jp/ja/library/contents/archives-top/reuse,https://iiif.dl.itc.u-tokyo.ac.jp/repo/files/medium/b0d53228d1a99f21f7d6fe7c3f0b597884cf146b.jpg,https://iiif.dl.itc.u-tokyo.ac.jp/repo/api/items/275162,,http://iiif.io/api/presentation/2#rightToLeftDirection,,,12,,https://iiif.dl.itc.u-tokyo.ac.jp/repo/iiif/1e3ad9e7-30ca-3869-4561-e4a9ec8e74f3/manifest,,,,,50
赤石(明石),源氏物語,ゲンジ モノガタリ,[紫式部著],[書写地不明] : [書写者不明],54冊 ; 21cm,A00:6587,"青洲文庫書名は帙題簽による
巻次は題簽による
責任表示は『日本古典籍総合目録データベース』による
朱筆書き入れあり
虫損あり
旧請求記号 E23:48",http://tify.sub.uni-goettingen.de/demo.html?manifest=https://archdataset.dl.itc.u-tokyo.ac.jp/manifest/5aaa7feb-222a-2864-37fa-2c4c81f85f44.json,5aaa7feb-222a-2864-37fa-2c4c81f85f44,https://iiif.dl.itc.u-tokyo.ac.jp/repo/s/genji/,https://iiif.dl.itc.u-tokyo.ac.jp/repo/s/genji/document/5aaa7feb-222a-2864-37fa-2c4c81f85f44,https://www.lib.u-tokyo.ac.jp/ja/library/contents/archives-top/reuse,https://iiif.dl.itc.u-tokyo.ac.jp/repo/files/medium/d3c55f7743874d1c6d7501b732587fa0a565f8ca.jpg,https://iiif.dl.itc.u-tokyo.ac.jp/repo/api/items/275163,,http://iiif.io/api/presentation/2#rightToLeftDirection,,,13,,https://iiif.dl.itc.u-tokyo.ac.jp/repo/iiif/5aaa7feb-222a-2864-37fa-2c4c81f85f44/manifest,,,,,45
水衝石(澪標),源氏物語,ゲンジ モノガタリ,[紫式部著],[書写地不明] : [書写者不明],54冊 ; 21cm,A00:6587,"青洲文庫書名は帙題簽による
巻次は題簽による
責任表示は『日本古典籍総合目録データベース』による
朱筆書き入れあり
虫損あり
旧請求記号 E23:48",http://tify.sub.uni-goettingen.de/demo.html?manifest=https://archdataset.dl.itc.u-tokyo.ac.jp/manifest/e47d012e-19e0-0e31-5f80-edc931ef609f.json,e47d012e-19e0-0e31-5f80-edc931ef609f,https://iiif.dl.itc.u-tokyo.ac.jp/repo/s/genji/,https://iiif.dl.itc.u-tokyo.ac.jp/repo/s/genji/document/e47d012e-19e0-0e31-5f80-edc931ef609f,https://www.lib.u-tokyo.ac.jp/ja/library/contents/archives-top/reuse,https://iiif.dl.itc.u-tokyo.ac.jp/repo/files/medium/ecb674898ebb6d9eae28aad9a59a9816612ba770.jpg,https://iiif.dl.itc.u-tokyo.ac.jp/repo/api/items/275164,,http://iiif.io/api/presentation/2#rightToLeftDirection,,,14,,https://iiif.dl.itc.u-tokyo.ac.jp/repo/iiif/e47d012e-19e0-0e31-5f80-edc931ef609f/manifest,,,,,37
蓬生,源氏物語,ゲンジ モノガタリ,[紫式部著],[書写地不明] : [書写者不明],54冊 ; 21cm,A00:6587,"青洲文庫書名は帙題簽による
巻次は題簽による
責任表示は『日本古典籍総合目録データベース』による
朱筆書き入れあり
虫損あり
旧請求記号 E23:48",http://tify.sub.uni-goettingen.de/demo.html?manifest=https://archdataset.dl.itc.u-tokyo.ac.jp/manifest/2575aa8b-5670-89ac-1aea-831213bd8f30.json,2575aa8b-5670-89ac-1aea-831213bd8f30,https://iiif.dl.itc.u-tokyo.ac.jp/repo/s/genji/,https://iiif.dl.itc.u-tokyo.ac.jp/repo/s/genji/document/2575aa8b-5670-89ac-1aea-831213bd8f30,https://www.lib.u-tokyo.ac.jp/ja/library/contents/archives-top/reuse,https://iiif.dl.itc.u-tokyo.ac.jp/repo/files/medium/6135de6961e457949587d4ec15b7a7f450d0ce8c.jpg,https://iiif.dl.itc.u-tokyo.ac.jp/repo/api/items/275165,,http://iiif.io/api/presentation/2#rightToLeftDirection,,,15,,https://iiif.dl.itc.u-tokyo.ac.jp/repo/iiif/2575aa8b-5670-89ac-1aea-831213bd8f30/manifest,,,,,29
関屋,源氏物語,ゲンジ モノガタリ,[紫式部著],[書写地不明] : [書写者不明],54冊 ; 21cm,A00:6587,"青洲文庫書名は帙題簽による
巻次は題簽による
責任表示は『日本古典籍総合目録データベース』による
朱筆書き入れあり
虫損あり
旧請求記号 E23:48",http://tify.sub.uni-goettingen.de/demo.html?manifest=https://archdataset.dl.itc.u-tokyo.ac.jp/manifest/0ae23744-1bf3-27f3-4efa-d0045cce48e6.json,0ae23744-1bf3-27f3-4efa-d0045cce48e6,https://iiif.dl.itc.u-tokyo.ac.jp/repo/s/genji/,https://iiif.dl.itc.u-tokyo.ac.jp/repo/s/genji/document/0ae23744-1bf3-27f3-4efa-d0045cce48e6,https://www.lib.u-tokyo.ac.jp/ja/library/contents/archives-top/reuse,https://iiif.dl.itc.u-tokyo.ac.jp/repo/files/medium/08c0b5ddb47a13b8b38ed6d132425f04b8f1bd90.jpg,https://iiif.dl.itc.u-tokyo.ac.jp/repo/api/items/275166,,http://iiif.io/api/presentation/2#rightToLeftDirection,,,16,,https://iiif.dl.itc.u-tokyo.ac.jp/repo/iiif/0ae23744-1bf3-27f3-4efa-d0045cce48e6/manifest,,,,,10
絵合,源氏物語,ゲンジ モノガタリ,[紫式部著],[書写地不明] : [書写者不明],54冊 ; 21cm,A00:6587,"青洲文庫書名は帙題簽による
巻次は題簽による
責任表示は『日本古典籍総合目録データベース』による
朱筆書き入れあり
虫損あり
旧請求記号 E23:48",http://tify.sub.uni-goettingen.de/demo.html?manifest=https://archdataset.dl.itc.u-tokyo.ac.jp/manifest/dde16b8e-72c3-8a66-7577-c62854cd4337.json,dde16b8e-72c3-8a66-7577-c62854cd4337,https://iiif.dl.itc.u-tokyo.ac.jp/repo/s/genji/,https://iiif.dl.itc.u-tokyo.ac.jp/repo/s/genji/document/dde16b8e-72c3-8a66-7577-c62854cd4337,https://www.lib.u-tokyo.ac.jp/ja/library/contents/archives-top/reuse,https://iiif.dl.itc.u-tokyo.ac.jp/repo/files/medium/30c83a6cc316f8a5141300402eabae777391eb08.jpg,https://iiif.dl.itc.u-tokyo.ac.jp/repo/api/items/275167,,http://iiif.io/api/presentation/2#rightToLeftDirection,,,17,,https://iiif.dl.itc.u-tokyo.ac.jp/repo/iiif/dde16b8e-72c3-8a66-7577-c62854cd4337/manifest,,,,,25
松風,源氏物語,ゲンジ モノガタリ,[紫式部著],[書写地不明] : [書写者不明],54冊 ; 21cm,A00:6587,"青洲文庫書名は帙題簽による
巻次は題簽による
責任表示は『日本古典籍総合目録データベース』による
朱筆書き入れあり
虫損あり
旧請求記号 E23:48",http://tify.sub.uni-goettingen.de/demo.html?manifest=https://archdataset.dl.itc.u-tokyo.ac.jp/manifest/e0158397-9aa3-2fa3-2976-1f999cf96bf2.json,e0158397-9aa3-2fa3-2976-1f999cf96bf2,https://iiif.dl.itc.u-tokyo.ac.jp/repo/s/genji/,https://iiif.dl.itc.u-tokyo.ac.jp/repo/s/genji/document/e0158397-9aa3-2fa3-2976-1f999cf96bf2,https://www.lib.u-tokyo.ac.jp/ja/library/contents/archives-top/reuse,https://iiif.dl.itc.u-tokyo.ac.jp/repo/files/medium/955586a06ad6c479f9774391052043531466e4a2.jpg,https://iiif.dl.itc.u-tokyo.ac.jp/repo/api/items/275168,,http://iiif.io/api/presentation/2#rightToLeftDirection,,,18,,https://iiif.dl.itc.u-tokyo.ac.jp/repo/iiif/e0158397-9aa3-2fa3-2976-1f999cf96bf2/manifest,,,,,27
薄雲,源氏物語,ゲンジ モノガタリ,[紫式部著],[書写地不明] : [書写者不明],54冊 ; 21cm,A00:6587,"青洲文庫書名は帙題簽による
巻次は題簽による
責任表示は『日本古典籍総合目録データベース』による
朱筆書き入れあり
虫損あり
旧請求記号 E23:48",http://tify.sub.uni-goettingen.de/demo.html?manifest=https://archdataset.dl.itc.u-tokyo.ac.jp/manifest/bb712378-71c3-873b-8fcf-4940d81d26c9.json,bb712378-71c3-873b-8fcf-4940d81d26c9,https://iiif.dl.itc.u-tokyo.ac.jp/repo/s/genji/,https://iiif.dl.itc.u-tokyo.ac.jp/repo/s/genji/document/bb712378-71c3-873b-8fcf-4940d81d26c9,https://www.lib.u-tokyo.ac.jp/ja/library/contents/archives-top/reuse,https://iiif.dl.itc.u-tokyo.ac.jp/repo/files/medium/c2ceaa81023a6a8d3c2cadc5259daa4f8e2605b3.jpg,https://iiif.dl.itc.u-tokyo.ac.jp/repo/api/items/275169,,http://iiif.io/api/presentation/2#rightToLeftDirection,,,19,,https://iiif.dl.itc.u-tokyo.ac.jp/repo/iiif/bb712378-71c3-873b-8fcf-4940d81d26c9/manifest,,,,,38
槿,源氏物語,ゲンジ モノガタリ,[紫式部著],[書写地不明] : [書写者不明],54冊 ; 21cm,A00:6587,"青洲文庫書名は帙題簽による
巻次は題簽による
責任表示は『日本古典籍総合目録データベース』による
朱筆書き入れあり
虫損あり
旧請求記号 E23:48",http://tify.sub.uni-goettingen.de/demo.html?manifest=https://archdataset.dl.itc.u-tokyo.ac.jp/manifest/8799a92b-04c2-8ffd-4e1d-00f0d0734c71.json,8799a92b-04c2-8ffd-4e1d-00f0d0734c71,https://iiif.dl.itc.u-tokyo.ac.jp/repo/s/genji/,https://iiif.dl.itc.u-tokyo.ac.jp/repo/s/genji/document/8799a92b-04c2-8ffd-4e1d-00f0d0734c71,https://www.lib.u-tokyo.ac.jp/ja/library/contents/archives-top/reuse,https://iiif.dl.itc.u-tokyo.ac.jp/repo/files/medium/21acc54c731964590959b762929dc422d730b287.jpg,https://iiif.dl.itc.u-tokyo.ac.jp/repo/api/items/275170,,http://iiif.io/api/presentation/2#rightToLeftDirection,,,20,,https://iiif.dl.itc.u-tokyo.ac.jp/repo/iiif/8799a92b-04c2-8ffd-4e1d-00f0d0734c71/manifest,,,,,27
乙女,源氏物語,ゲンジ モノガタリ,[紫式部著],[書写地不明] : [書写者不明],54冊 ; 21cm,A00:6587,"青洲文庫書名は帙題簽による
巻次は題簽による
責任表示は『日本古典籍総合目録データベース』による
朱筆書き入れあり
虫損あり
旧請求記号 E23:48",http://tify.sub.uni-goettingen.de/demo.html?manifest=https://archdataset.dl.itc.u-tokyo.ac.jp/manifest/6ad4f954-a6d6-7759-65f4-6afc36a0649f.json,6ad4f954-a6d6-7759-65f4-6afc36a0649f,https://iiif.dl.itc.u-tokyo.ac.jp/repo/s/genji/,https://iiif.dl.itc.u-tokyo.ac.jp/repo/s/genji/document/6ad4f954-a6d6-7759-65f4-6afc36a0649f,https://www.lib.u-tokyo.ac.jp/ja/library/contents/archives-top/reuse,https://iiif.dl.itc.u-tokyo.ac.jp/repo/files/medium/79b1d4def22dfa63b5a67010cb86907e0357a275.jpg,https://iiif.dl.itc.u-tokyo.ac.jp/repo/api/items/275171,,http://iiif.io/api/presentation/2#rightToLeftDirection,,,21,,https://iiif.dl.itc.u-tokyo.ac.jp/repo/iiif/6ad4f954-a6d6-7759-65f4-6afc36a0649f/manifest,,,,,58
玉鬘,源氏物語,ゲンジ モノガタリ,[紫式部著],[書写地不明] : [書写者不明],54冊 ; 21cm,A00:6587,"青洲文庫書名は帙題簽による
巻次は題簽による
責任表示は『日本古典籍総合目録データベース』による
朱筆書き入れあり
虫損あり
旧請求記号 E23:48",http://tify.sub.uni-goettingen.de/demo.html?manifest=https://archdataset.dl.itc.u-tokyo.ac.jp/manifest/26f158f0-357f-8e76-6091-53ed289a2026.json,26f158f0-357f-8e76-6091-53ed289a2026,https://iiif.dl.itc.u-tokyo.ac.jp/repo/s/genji/,https://iiif.dl.itc.u-tokyo.ac.jp/repo/s/genji/document/26f158f0-357f-8e76-6091-53ed289a2026,https://www.lib.u-tokyo.ac.jp/ja/library/contents/archives-top/reuse,https://iiif.dl.itc.u-tokyo.ac.jp/repo/files/medium/97183b640dd05a166e2909ecb4f3f4cf94c99dd3.jpg,https://iiif.dl.itc.u-tokyo.ac.jp/repo/api/items/275172,,http://iiif.io/api/presentation/2#rightToLeftDirection,,,22,,https://iiif.dl.itc.u-tokyo.ac.jp/repo/iiif/26f158f0-357f-8e76-6091-53ed289a2026/manifest,,,,,47
初音,源氏物語,ゲンジ モノガタリ,[紫式部著],[書写地不明] : [書写者不明],54冊 ; 21cm,A00:6587,"青洲文庫書名は帙題簽による
巻次は題簽による
責任表示は『日本古典籍総合目録データベース』による
朱筆書き入れあり
虫損あり
旧請求記号 E23:48",http://tify.sub.uni-goettingen.de/demo.html?manifest=https://archdataset.dl.itc.u-tokyo.ac.jp/manifest/d3bff430-3065-6f15-a2d7-24e72cc9113b.json,d3bff430-3065-6f15-a2d7-24e72cc9113b,https://iiif.dl.itc.u-tokyo.ac.jp/repo/s/genji/,https://iiif.dl.itc.u-tokyo.ac.jp/repo/s/genji/document/d3bff430-3065-6f15-a2d7-24e72cc9113b,https://www.lib.u-tokyo.ac.jp/ja/library/contents/archives-top/reuse,https://iiif.dl.itc.u-tokyo.ac.jp/repo/files/medium/7b859f6f1c3a903073355d2b485ea65941c1ecd5.jpg,https://iiif.dl.itc.u-tokyo.ac.jp/repo/api/items/275173,,http://iiif.io/api/presentation/2#rightToLeftDirection,,,23,,https://iiif.dl.itc.u-tokyo.ac.jp/repo/iiif/d3bff430-3065-6f15-a2d7-24e72cc9113b/manifest,,,,,20
胡蝶,源氏物語,ゲンジ モノガタリ,[紫式部著],[書写地不明] : [書写者不明],54冊 ; 21cm,A00:6587,"青洲文庫書名は帙題簽による
巻次は題簽による
責任表示は『日本古典籍総合目録データベース』による
朱筆書き入れあり
虫損あり
旧請求記号 E23:48",http://tify.sub.uni-goettingen.de/demo.html?manifest=https://archdataset.dl.itc.u-tokyo.ac.jp/manifest/4271a091-4284-0150-1c1a-8c0a81fb2dc7.json,4271a091-4284-0150-1c1a-8c0a81fb2dc7,https://iiif.dl.itc.u-tokyo.ac.jp/repo/s/genji/,https://iiif.dl.itc.u-tokyo.ac.jp/repo/s/genji/document/4271a091-4284-0150-1c1a-8c0a81fb2dc7,https://www.lib.u-tokyo.ac.jp/ja/library/contents/archives-top/reuse,https://iiif.dl.itc.u-tokyo.ac.jp/repo/files/medium/2104441c95bce9ded4251bfa3077f3f3ebf22a3f.jpg,https://iiif.dl.itc.u-tokyo.ac.jp/repo/api/items/275174,,http://iiif.io/api/presentation/2#rightToLeftDirection,,,24,,https://iiif.dl.itc.u-tokyo.ac.jp/repo/iiif/4271a091-4284-0150-1c1a-8c0a81fb2dc7/manifest,,,,,27
蛍,源氏物語,ゲンジ モノガタリ,[紫式部著],[書写地不明] : [書写者不明],54冊 ; 21cm,A00:6587,"青洲文庫書名は帙題簽による
巻次は題簽による
責任表示は『日本古典籍総合目録データベース』による
朱筆書き入れあり
虫損あり
旧請求記号 E23:48",http://tify.sub.uni-goettingen.de/demo.html?manifest=https://archdataset.dl.itc.u-tokyo.ac.jp/manifest/c7cd728a-6f1d-a2da-6091-92342b148f1f.json,c7cd728a-6f1d-a2da-6091-92342b148f1f,https://iiif.dl.itc.u-tokyo.ac.jp/repo/s/genji/,https://iiif.dl.itc.u-tokyo.ac.jp/repo/s/genji/document/c7cd728a-6f1d-a2da-6091-92342b148f1f,https://www.lib.u-tokyo.ac.jp/ja/library/contents/archives-top/reuse,https://iiif.dl.itc.u-tokyo.ac.jp/repo/files/medium/d1ba7504e89aab1e6b6823e1a7cb30194938a7cc.jpg,https://iiif.dl.itc.u-tokyo.ac.jp/repo/api/items/275175,,http://iiif.io/api/presentation/2#rightToLeftDirection,,,25,,https://iiif.dl.itc.u-tokyo.ac.jp/repo/iiif/c7cd728a-6f1d-a2da-6091-92342b148f1f/manifest,,,,,27
床夏(常夏),源氏物語,ゲンジ モノガタリ,[紫式部著],[書写地不明] : [書写者不明],54冊 ; 21cm,A00:6587,"青洲文庫書名は帙題簽による
巻次は題簽による
責任表示は『日本古典籍総合目録データベース』による
朱筆書き入れあり
虫損あり
旧請求記号 E23:48",http://tify.sub.uni-goettingen.de/demo.html?manifest=https://archdataset.dl.itc.u-tokyo.ac.jp/manifest/0095c448-98cb-87a8-9da8-20a60c911998.json,0095c448-98cb-87a8-9da8-20a60c911998,https://iiif.dl.itc.u-tokyo.ac.jp/repo/s/genji/,https://iiif.dl.itc.u-tokyo.ac.jp/repo/s/genji/document/0095c448-98cb-87a8-9da8-20a60c911998,https://www.lib.u-tokyo.ac.jp/ja/library/contents/archives-top/reuse,https://iiif.dl.itc.u-tokyo.ac.jp/repo/files/medium/2b0bf9802bc4bb2f5916620120a8cadc2cece164.jpg,https://iiif.dl.itc.u-tokyo.ac.jp/repo/api/items/275176,,http://iiif.io/api/presentation/2#rightToLeftDirection,,,26,,https://iiif.dl.itc.u-tokyo.ac.jp/repo/iiif/0095c448-98cb-87a8-9da8-20a60c911998/manifest,,,,,28
篝火,源氏物語,ゲンジ モノガタリ,[紫式部著],[書写地不明] : [書写者不明],54冊 ; 21cm,A00:6587,"青洲文庫書名は帙題簽による
巻次は題簽による
責任表示は『日本古典籍総合目録データベース』による
朱筆書き入れあり
虫損あり
旧請求記号 E23:48",http://tify.sub.uni-goettingen.de/demo.html?manifest=https://archdataset.dl.itc.u-tokyo.ac.jp/manifest/87c2b03d-2b97-0292-7efa-edfb9b566829.json,87c2b03d-2b97-0292-7efa-edfb9b566829,https://iiif.dl.itc.u-tokyo.ac.jp/repo/s/genji/,https://iiif.dl.itc.u-tokyo.ac.jp/repo/s/genji/document/87c2b03d-2b97-0292-7efa-edfb9b566829,https://www.lib.u-tokyo.ac.jp/ja/library/contents/archives-top/reuse,https://iiif.dl.itc.u-tokyo.ac.jp/repo/files/medium/521b34c724f1a4fc8822dc4058bfca2e9586ece6.jpg,https://iiif.dl.itc.u-tokyo.ac.jp/repo/api/items/275177,,http://iiif.io/api/presentation/2#rightToLeftDirection,,,27,,https://iiif.dl.itc.u-tokyo.ac.jp/repo/iiif/87c2b03d-2b97-0292-7efa-edfb9b566829/manifest,,,,,8
野分,源氏物語,ゲンジ モノガタリ,[紫式部著],[書写地不明] : [書写者不明],54冊 ; 21cm,A00:6587,"青洲文庫書名は帙題簽による
巻次は題簽による
責任表示は『日本古典籍総合目録データベース』による
朱筆書き入れあり
虫損あり
旧請求記号 E23:48",http://tify.sub.uni-goettingen.de/demo.html?manifest=https://archdataset.dl.itc.u-tokyo.ac.jp/manifest/29845173-2aa9-7e3e-77b1-03fa71bf4bcf.json,29845173-2aa9-7e3e-77b1-03fa71bf4bcf,https://iiif.dl.itc.u-tokyo.ac.jp/repo/s/genji/,https://iiif.dl.itc.u-tokyo.ac.jp/repo/s/genji/document/29845173-2aa9-7e3e-77b1-03fa71bf4bcf,https://www.lib.u-tokyo.ac.jp/ja/library/contents/archives-top/reuse,https://iiif.dl.itc.u-tokyo.ac.jp/repo/files/medium/7429cbd6163155431457498f475489af107a7c33.jpg,https://iiif.dl.itc.u-tokyo.ac.jp/repo/api/items/275178,,http://iiif.io/api/presentation/2#rightToLeftDirection,,,28,,https://iiif.dl.itc.u-tokyo.ac.jp/repo/iiif/29845173-2aa9-7e3e-77b1-03fa71bf4bcf/manifest,,,,,25
行幸,源氏物語,ゲンジ モノガタリ,[紫式部著],[書写地不明] : [書写者不明],54冊 ; 21cm,A00:6587,"青洲文庫書名は帙題簽による
巻次は題簽による
責任表示は『日本古典籍総合目録データベース』による
朱筆書き入れあり
虫損あり
旧請求記号 E23:48",http://tify.sub.uni-goettingen.de/demo.html?manifest=https://archdataset.dl.itc.u-tokyo.ac.jp/manifest/1df4c6c1-a558-2881-4db3-86b3b9584130.json,1df4c6c1-a558-2881-4db3-86b3b9584130,https://iiif.dl.itc.u-tokyo.ac.jp/repo/s/genji/,https://iiif.dl.itc.u-tokyo.ac.jp/repo/s/genji/document/1df4c6c1-a558-2881-4db3-86b3b9584130,https://www.lib.u-tokyo.ac.jp/ja/library/contents/archives-top/reuse,https://iiif.dl.itc.u-tokyo.ac.jp/repo/files/medium/ef874413df4e9476d1c63164e9b245c8b4aa2b34.jpg,https://iiif.dl.itc.u-tokyo.ac.jp/repo/api/items/275179,,http://iiif.io/api/presentation/2#rightToLeftDirection,,,29,,https://iiif.dl.itc.u-tokyo.ac.jp/repo/iiif/1df4c6c1-a558-2881-4db3-86b3b9584130/manifest,,,,,35
蘭(藤袴),源氏物語,ゲンジ モノガタリ,[紫式部著],[書写地不明] : [書写者不明],54冊 ; 21cm,A00:6587,"青洲文庫書名は帙題簽による
巻次は題簽による
責任表示は『日本古典籍総合目録データベース』による
朱筆書き入れあり
虫損あり
旧請求記号 E23:48",http://tify.sub.uni-goettingen.de/demo.html?manifest=https://archdataset.dl.itc.u-tokyo.ac.jp/manifest/02e45c9c-8003-017b-4e63-0c8919ca36a2.json,02e45c9c-8003-017b-4e63-0c8919ca36a2,https://iiif.dl.itc.u-tokyo.ac.jp/repo/s/genji/,https://iiif.dl.itc.u-tokyo.ac.jp/repo/s/genji/document/02e45c9c-8003-017b-4e63-0c8919ca36a2,https://www.lib.u-tokyo.ac.jp/ja/library/contents/archives-top/reuse,https://iiif.dl.itc.u-tokyo.ac.jp/repo/files/medium/674bbb48c8d91b305159e77504b47f2c19763691.jpg,https://iiif.dl.itc.u-tokyo.ac.jp/repo/api/items/275180,,http://iiif.io/api/presentation/2#rightToLeftDirection,,,30,,https://iiif.dl.itc.u-tokyo.ac.jp/repo/iiif/02e45c9c-8003-017b-4e63-0c8919ca36a2/manifest,,,,,20
真木柱,源氏物語,ゲンジ モノガタリ,[紫式部著],[書写地不明] : [書写者不明],54冊 ; 21cm,A00:6587,"青洲文庫書名は帙題簽による
巻次は題簽による
責任表示は『日本古典籍総合目録データベース』による
朱筆書き入れあり
虫損あり
旧請求記号 E23:48",http://tify.sub.uni-goettingen.de/demo.html?manifest=https://archdataset.dl.itc.u-tokyo.ac.jp/manifest/61bacd20-50ae-6ff0-0740-3c1c50da76dd.json,61bacd20-50ae-6ff0-0740-3c1c50da76dd,https://iiif.dl.itc.u-tokyo.ac.jp/repo/s/genji/,https://iiif.dl.itc.u-tokyo.ac.jp/repo/s/genji/document/61bacd20-50ae-6ff0-0740-3c1c50da76dd,https://www.lib.u-tokyo.ac.jp/ja/library/contents/archives-top/reuse,https://iiif.dl.itc.u-tokyo.ac.jp/repo/files/medium/164d37dbda1adca42e0f99eecda183a742face89.jpg,https://iiif.dl.itc.u-tokyo.ac.jp/repo/api/items/275181,,http://iiif.io/api/presentation/2#rightToLeftDirection,,,31,,https://iiif.dl.itc.u-tokyo.ac.jp/repo/iiif/61bacd20-50ae-6ff0-0740-3c1c50da76dd/manifest,,,,,46
梅枝,源氏物語,ゲンジ モノガタリ,[紫式部著],[書写地不明] : [書写者不明],54冊 ; 21cm,A00:6587,"青洲文庫書名は帙題簽による
巻次は題簽による
責任表示は『日本古典籍総合目録データベース』による
朱筆書き入れあり
虫損あり
旧請求記号 E23:48",http://tify.sub.uni-goettingen.de/demo.html?manifest=https://archdataset.dl.itc.u-tokyo.ac.jp/manifest/a943afe6-6b21-481a-5f40-bc7a21d183b0.json,a943afe6-6b21-481a-5f40-bc7a21d183b0,https://iiif.dl.itc.u-tokyo.ac.jp/repo/s/genji/,https://iiif.dl.itc.u-tokyo.ac.jp/repo/s/genji/document/a943afe6-6b21-481a-5f40-bc7a21d183b0,https://www.lib.u-tokyo.ac.jp/ja/library/contents/archives-top/reuse,https://iiif.dl.itc.u-tokyo.ac.jp/repo/files/medium/b6ab72b7ef891c99cad007ac6d6e54f4ef6abbe6.jpg,https://iiif.dl.itc.u-tokyo.ac.jp/repo/api/items/275182,,http://iiif.io/api/presentation/2#rightToLeftDirection,,,32,,https://iiif.dl.itc.u-tokyo.ac.jp/repo/iiif/a943afe6-6b21-481a-5f40-bc7a21d183b0/manifest,,,,,26
藤裏葉,源氏物語,ゲンジ モノガタリ,[紫式部著],[書写地不明] : [書写者不明],54冊 ; 21cm,A00:6587,"青洲文庫書名は帙題簽による
巻次は題簽による
責任表示は『日本古典籍総合目録データベース』による
朱筆書き入れあり
虫損あり
旧請求記号 E23:48",http://tify.sub.uni-goettingen.de/demo.html?manifest=https://archdataset.dl.itc.u-tokyo.ac.jp/manifest/5af16d8a-9e37-3866-38fa-e20fe1060f4a.json,5af16d8a-9e37-3866-38fa-e20fe1060f4a,https://iiif.dl.itc.u-tokyo.ac.jp/repo/s/genji/,https://iiif.dl.itc.u-tokyo.ac.jp/repo/s/genji/document/5af16d8a-9e37-3866-38fa-e20fe1060f4a,https://www.lib.u-tokyo.ac.jp/ja/library/contents/archives-top/reuse,https://iiif.dl.itc.u-tokyo.ac.jp/repo/files/medium/a7a68aa156f41d5e63b59f4e8a28001b763b19df.jpg,https://iiif.dl.itc.u-tokyo.ac.jp/repo/api/items/275183,,http://iiif.io/api/presentation/2#rightToLeftDirection,,,33,,https://iiif.dl.itc.u-tokyo.ac.jp/repo/iiif/5af16d8a-9e37-3866-38fa-e20fe1060f4a/manifest,,,,,27
若菜 上,源氏物語,ゲンジ モノガタリ,[紫式部著],[書写地不明] : [書写者不明],54冊 ; 21cm,A00:6587,"青洲文庫書名は帙題簽による
巻次は題簽による
責任表示は『日本古典籍総合目録データベース』による
朱筆書き入れあり
虫損あり
旧請求記号 E23:48",http://tify.sub.uni-goettingen.de/demo.html?manifest=https://archdataset.dl.itc.u-tokyo.ac.jp/manifest/da6f3be9-1a2c-7704-a780-b3742840a71f.json,da6f3be9-1a2c-7704-a780-b3742840a71f,https://iiif.dl.itc.u-tokyo.ac.jp/repo/s/genji/,https://iiif.dl.itc.u-tokyo.ac.jp/repo/s/genji/document/da6f3be9-1a2c-7704-a780-b3742840a71f,https://www.lib.u-tokyo.ac.jp/ja/library/contents/archives-top/reuse,https://iiif.dl.itc.u-tokyo.ac.jp/repo/files/medium/fbc0fe0b72884b0f465ca41addaf8a6ed7a5d8d3.jpg,https://iiif.dl.itc.u-tokyo.ac.jp/repo/api/items/275184,,http://iiif.io/api/presentation/2#rightToLeftDirection,,,34,,https://iiif.dl.itc.u-tokyo.ac.jp/repo/iiif/da6f3be9-1a2c-7704-a780-b3742840a71f/manifest,,,,,112
若菜 下,源氏物語,ゲンジ モノガタリ,[紫式部著],[書写地不明] : [書写者不明],54冊 ; 21cm,A00:6587,"青洲文庫書名は帙題簽による
巻次は題簽による
責任表示は『日本古典籍総合目録データベース』による
朱筆書き入れあり
虫損あり
旧請求記号 E23:48",http://tify.sub.uni-goettingen.de/demo.html?manifest=https://archdataset.dl.itc.u-tokyo.ac.jp/manifest/685c84c5-2eb7-2852-7073-d73670157aeb.json,685c84c5-2eb7-2852-7073-d73670157aeb,https://iiif.dl.itc.u-tokyo.ac.jp/repo/s/genji/,https://iiif.dl.itc.u-tokyo.ac.jp/repo/s/genji/document/685c84c5-2eb7-2852-7073-d73670157aeb,https://www.lib.u-tokyo.ac.jp/ja/library/contents/archives-top/reuse,https://iiif.dl.itc.u-tokyo.ac.jp/repo/files/medium/ef5db134d259dfcb50215d2c1ed82a757685cf8a.jpg,https://iiif.dl.itc.u-tokyo.ac.jp/repo/api/items/275185,,http://iiif.io/api/presentation/2#rightToLeftDirection,,,35,,https://iiif.dl.itc.u-tokyo.ac.jp/repo/iiif/685c84c5-2eb7-2852-7073-d73670157aeb/manifest,,,,,118
柏木,源氏物語,ゲンジ モノガタリ,[紫式部著],[書写地不明] : [書写者不明],54冊 ; 21cm,A00:6587,"青洲文庫書名は帙題簽による
巻次は題簽による
責任表示は『日本古典籍総合目録データベース』による
朱筆書き入れあり
虫損あり
旧請求記号 E23:48",http://tify.sub.uni-goettingen.de/demo.html?manifest=https://archdataset.dl.itc.u-tokyo.ac.jp/manifest/b8c32f39-7b65-639c-2103-2fbfbe7096d5.json,b8c32f39-7b65-639c-2103-2fbfbe7096d5,https://iiif.dl.itc.u-tokyo.ac.jp/repo/s/genji/,https://iiif.dl.itc.u-tokyo.ac.jp/repo/s/genji/document/b8c32f39-7b65-639c-2103-2fbfbe7096d5,https://www.lib.u-tokyo.ac.jp/ja/library/contents/archives-top/reuse,https://iiif.dl.itc.u-tokyo.ac.jp/repo/files/medium/251bfc634c9fdac884ef8f8d0bfb16cb809c307e.jpg,https://iiif.dl.itc.u-tokyo.ac.jp/repo/api/items/275186,,http://iiif.io/api/presentation/2#rightToLeftDirection,,,36,,https://iiif.dl.itc.u-tokyo.ac.jp/repo/iiif/b8c32f39-7b65-639c-2103-2fbfbe7096d5/manifest,,,,,49
横笛,源氏物語,ゲンジ モノガタリ,[紫式部著],[書写地不明] : [書写者不明],54冊 ; 21cm,A00:6587,"青洲文庫書名は帙題簽による
巻次は題簽による
責任表示は『日本古典籍総合目録データベース』による
朱筆書き入れあり
虫損あり
旧請求記号 E23:48",http://tify.sub.uni-goettingen.de/demo.html?manifest=https://archdataset.dl.itc.u-tokyo.ac.jp/manifest/eade83e8-731f-a6c3-586a-f7bc45f724cd.json,eade83e8-731f-a6c3-586a-f7bc45f724cd,https://iiif.dl.itc.u-tokyo.ac.jp/repo/s/genji/,https://iiif.dl.itc.u-tokyo.ac.jp/repo/s/genji/document/eade83e8-731f-a6c3-586a-f7bc45f724cd,https://www.lib.u-tokyo.ac.jp/ja/library/contents/archives-top/reuse,https://iiif.dl.itc.u-tokyo.ac.jp/repo/files/medium/f9be3801b26f7a041878f547c89c755147d93c36.jpg,https://iiif.dl.itc.u-tokyo.ac.jp/repo/api/items/275187,,http://iiif.io/api/presentation/2#rightToLeftDirection,,,37,,https://iiif.dl.itc.u-tokyo.ac.jp/repo/iiif/eade83e8-731f-a6c3-586a-f7bc45f724cd/manifest,,,,,26
鈴虫,源氏物語,ゲンジ モノガタリ,[紫式部著],[書写地不明] : [書写者不明],54冊 ; 21cm,A00:6587,"青洲文庫書名は帙題簽による
巻次は題簽による
責任表示は『日本古典籍総合目録データベース』による
朱筆書き入れあり
虫損あり
旧請求記号 E23:48",http://tify.sub.uni-goettingen.de/demo.html?manifest=https://archdataset.dl.itc.u-tokyo.ac.jp/manifest/8688af78-4db5-09b1-78fa-273681038614.json,8688af78-4db5-09b1-78fa-273681038614,https://iiif.dl.itc.u-tokyo.ac.jp/repo/s/genji/,https://iiif.dl.itc.u-tokyo.ac.jp/repo/s/genji/document/8688af78-4db5-09b1-78fa-273681038614,https://www.lib.u-tokyo.ac.jp/ja/library/contents/archives-top/reuse,https://iiif.dl.itc.u-tokyo.ac.jp/repo/files/medium/f31a2a922c28c5e34261eb51b193316b2b0cd46e.jpg,https://iiif.dl.itc.u-tokyo.ac.jp/repo/api/items/275188,,http://iiif.io/api/presentation/2#rightToLeftDirection,,,38,,https://iiif.dl.itc.u-tokyo.ac.jp/repo/iiif/8688af78-4db5-09b1-78fa-273681038614/manifest,,,,,21
夕霧,源氏物語,ゲンジ モノガタリ,[紫式部著],[書写地不明] : [書写者不明],54冊 ; 21cm,A00:6587,"青洲文庫書名は帙題簽による
巻次は題簽による
責任表示は『日本古典籍総合目録データベース』による
朱筆書き入れあり
虫損あり
旧請求記号 E23:48",http://tify.sub.uni-goettingen.de/demo.html?manifest=https://archdataset.dl.itc.u-tokyo.ac.jp/manifest/1c507ec6-65f9-7a80-4d6a-303187ef60f4.json,1c507ec6-65f9-7a80-4d6a-303187ef60f4,https://iiif.dl.itc.u-tokyo.ac.jp/repo/s/genji/,https://iiif.dl.itc.u-tokyo.ac.jp/repo/s/genji/document/1c507ec6-65f9-7a80-4d6a-303187ef60f4,https://www.lib.u-tokyo.ac.jp/ja/library/contents/archives-top/reuse,https://iiif.dl.itc.u-tokyo.ac.jp/repo/files/medium/a13de06fa2b31c3d633fe5c8be8d52e42c5bf6df.jpg,https://iiif.dl.itc.u-tokyo.ac.jp/repo/api/items/275189,,http://iiif.io/api/presentation/2#rightToLeftDirection,,,39,,https://iiif.dl.itc.u-tokyo.ac.jp/repo/iiif/1c507ec6-65f9-7a80-4d6a-303187ef60f4/manifest,,,,,79
御法,源氏物語,ゲンジ モノガタリ,[紫式部著],[書写地不明] : [書写者不明],54冊 ; 21cm,A00:6587,"青洲文庫書名は帙題簽による
巻次は題簽による
責任表示は『日本古典籍総合目録データベース』による
朱筆書き入れあり
虫損あり
旧請求記号 E23:48",http://tify.sub.uni-goettingen.de/demo.html?manifest=https://archdataset.dl.itc.u-tokyo.ac.jp/manifest/8bfc069b-9a26-787a-42ae-7e6dc24478fd.json,8bfc069b-9a26-787a-42ae-7e6dc24478fd,https://iiif.dl.itc.u-tokyo.ac.jp/repo/s/genji/,https://iiif.dl.itc.u-tokyo.ac.jp/repo/s/genji/document/8bfc069b-9a26-787a-42ae-7e6dc24478fd,https://www.lib.u-tokyo.ac.jp/ja/library/contents/archives-top/reuse,https://iiif.dl.itc.u-tokyo.ac.jp/repo/files/medium/fb85b9f7c773cb9c9974d1ac448aff2adef0d21b.jpg,https://iiif.dl.itc.u-tokyo.ac.jp/repo/api/items/275190,,http://iiif.io/api/presentation/2#rightToLeftDirection,,,40,,https://iiif.dl.itc.u-tokyo.ac.jp/repo/iiif/8bfc069b-9a26-787a-42ae-7e6dc24478fd/manifest,,,,,24
幻,源氏物語,ゲンジ モノガタリ,[紫式部著],[書写地不明] : [書写者不明],54冊 ; 21cm,A00:6587,"青洲文庫書名は帙題簽による
巻次は題簽による
責任表示は『日本古典籍総合目録データベース』による
朱筆書き入れあり
虫損あり
旧請求記号 E23:48",http://tify.sub.uni-goettingen.de/demo.html?manifest=https://archdataset.dl.itc.u-tokyo.ac.jp/manifest/dec28210-05cb-16c5-9a5a-826f853c74a2.json,dec28210-05cb-16c5-9a5a-826f853c74a2,https://iiif.dl.itc.u-tokyo.ac.jp/repo/s/genji/,https://iiif.dl.itc.u-tokyo.ac.jp/repo/s/genji/document/dec28210-05cb-16c5-9a5a-826f853c74a2,https://www.lib.u-tokyo.ac.jp/ja/library/contents/archives-top/reuse,https://iiif.dl.itc.u-tokyo.ac.jp/repo/files/medium/0ffc31d972b1e527913d62f91363e4f6322d2819.jpg,https://iiif.dl.itc.u-tokyo.ac.jp/repo/api/items/275191,,http://iiif.io/api/presentation/2#rightToLeftDirection,,,41,,https://iiif.dl.itc.u-tokyo.ac.jp/repo/iiif/dec28210-05cb-16c5-9a5a-826f853c74a2/manifest,,,,,26
匂宮,源氏物語,ゲンジ モノガタリ,[紫式部著],[書写地不明] : [書写者不明],54冊 ; 21cm,A00:6587,"青洲文庫書名は帙題簽による
巻次は題簽による
責任表示は『日本古典籍総合目録データベース』による
朱筆書き入れあり
虫損あり
旧請求記号 E23:48",http://tify.sub.uni-goettingen.de/demo.html?manifest=https://archdataset.dl.itc.u-tokyo.ac.jp/manifest/4635b7fd-33a5-8caa-122e-9cf327ac92ab.json,4635b7fd-33a5-8caa-122e-9cf327ac92ab,https://iiif.dl.itc.u-tokyo.ac.jp/repo/s/genji/,https://iiif.dl.itc.u-tokyo.ac.jp/repo/s/genji/document/4635b7fd-33a5-8caa-122e-9cf327ac92ab,https://www.lib.u-tokyo.ac.jp/ja/library/contents/archives-top/reuse,https://iiif.dl.itc.u-tokyo.ac.jp/repo/files/medium/9b6cecc92eadf73736457951c7ac55f5f05a52f0.jpg,https://iiif.dl.itc.u-tokyo.ac.jp/repo/api/items/275192,,http://iiif.io/api/presentation/2#rightToLeftDirection,,,42,,https://iiif.dl.itc.u-tokyo.ac.jp/repo/iiif/4635b7fd-33a5-8caa-122e-9cf327ac92ab/manifest,,,,,20
紅梅,源氏物語,ゲンジ モノガタリ,[紫式部著],[書写地不明] : [書写者不明],54冊 ; 21cm,A00:6587,"青洲文庫書名は帙題簽による
巻次は題簽による
責任表示は『日本古典籍総合目録データベース』による
朱筆書き入れあり
虫損あり
旧請求記号 E23:48",http://tify.sub.uni-goettingen.de/demo.html?manifest=https://archdataset.dl.itc.u-tokyo.ac.jp/manifest/9a6cc2a6-4359-11bc-554a-dbad46b74fbb.json,9a6cc2a6-4359-11bc-554a-dbad46b74fbb,https://iiif.dl.itc.u-tokyo.ac.jp/repo/s/genji/,https://iiif.dl.itc.u-tokyo.ac.jp/repo/s/genji/document/9a6cc2a6-4359-11bc-554a-dbad46b74fbb,https://www.lib.u-tokyo.ac.jp/ja/library/contents/archives-top/reuse,https://iiif.dl.itc.u-tokyo.ac.jp/repo/files/medium/76ac4cf77c30e7a70af3501377f5b8d5b151d975.jpg,https://iiif.dl.itc.u-tokyo.ac.jp/repo/api/items/275193,,http://iiif.io/api/presentation/2#rightToLeftDirection,,,43,,https://iiif.dl.itc.u-tokyo.ac.jp/repo/iiif/9a6cc2a6-4359-11bc-554a-dbad46b74fbb/manifest,,,,,19
竹川,源氏物語,ゲンジ モノガタリ,[紫式部著],[書写地不明] : [書写者不明],54冊 ; 21cm,A00:6587,"青洲文庫書名は帙題簽による
巻次は題簽による
責任表示は『日本古典籍総合目録データベース』による
朱筆書き入れあり
虫損あり
旧請求記号 E23:48",http://tify.sub.uni-goettingen.de/demo.html?manifest=https://archdataset.dl.itc.u-tokyo.ac.jp/manifest/964d5e78-1f41-92f6-54a6-444c3b2c6d95.json,964d5e78-1f41-92f6-54a6-444c3b2c6d95,https://iiif.dl.itc.u-tokyo.ac.jp/repo/s/genji/,https://iiif.dl.itc.u-tokyo.ac.jp/repo/s/genji/document/964d5e78-1f41-92f6-54a6-444c3b2c6d95,https://www.lib.u-tokyo.ac.jp/ja/library/contents/archives-top/reuse,https://iiif.dl.itc.u-tokyo.ac.jp/repo/files/medium/5cd3e1a332a4c699b8500f9b563463358522fe71.jpg,https://iiif.dl.itc.u-tokyo.ac.jp/repo/api/items/275194,,http://iiif.io/api/presentation/2#rightToLeftDirection,,,44,,https://iiif.dl.itc.u-tokyo.ac.jp/repo/iiif/964d5e78-1f41-92f6-54a6-444c3b2c6d95/manifest,,,,,48
橋姫,源氏物語,ゲンジ モノガタリ,[紫式部著],[書写地不明] : [書写者不明],54冊 ; 21cm,A00:6587,"青洲文庫書名は帙題簽による
巻次は題簽による
責任表示は『日本古典籍総合目録データベース』による
朱筆書き入れあり
虫損あり
旧請求記号 E23:48",http://tify.sub.uni-goettingen.de/demo.html?manifest=https://archdataset.dl.itc.u-tokyo.ac.jp/manifest/0fde603d-149a-6507-9834-ea736bd1326f.json,0fde603d-149a-6507-9834-ea736bd1326f,https://iiif.dl.itc.u-tokyo.ac.jp/repo/s/genji/,https://iiif.dl.itc.u-tokyo.ac.jp/repo/s/genji/document/0fde603d-149a-6507-9834-ea736bd1326f,https://www.lib.u-tokyo.ac.jp/ja/library/contents/archives-top/reuse,https://iiif.dl.itc.u-tokyo.ac.jp/repo/files/medium/6b3b755c5f053769540e7a41047c93ee240fc11e.jpg,https://iiif.dl.itc.u-tokyo.ac.jp/repo/api/items/275195,,http://iiif.io/api/presentation/2#rightToLeftDirection,,,45,,https://iiif.dl.itc.u-tokyo.ac.jp/repo/iiif/0fde603d-149a-6507-9834-ea736bd1326f/manifest,,,,,42
椎本,源氏物語,ゲンジ モノガタリ,[紫式部著],[書写地不明] : [書写者不明],54冊 ; 21cm,A00:6587,"青洲文庫書名は帙題簽による
巻次は題簽による
責任表示は『日本古典籍総合目録データベース』による
朱筆書き入れあり
虫損あり
旧請求記号 E23:48",http://tify.sub.uni-goettingen.de/demo.html?manifest=https://archdataset.dl.itc.u-tokyo.ac.jp/manifest/de6bc095-7487-3523-0293-8dc17de66bb0.json,de6bc095-7487-3523-0293-8dc17de66bb0,https://iiif.dl.itc.u-tokyo.ac.jp/repo/s/genji/,https://iiif.dl.itc.u-tokyo.ac.jp/repo/s/genji/document/de6bc095-7487-3523-0293-8dc17de66bb0,https://www.lib.u-tokyo.ac.jp/ja/library/contents/archives-top/reuse,https://iiif.dl.itc.u-tokyo.ac.jp/repo/files/medium/ababba44877078d708f23c0b91ac951d4770a0ea.jpg,https://iiif.dl.itc.u-tokyo.ac.jp/repo/api/items/275196,,http://iiif.io/api/presentation/2#rightToLeftDirection,,,46,,https://iiif.dl.itc.u-tokyo.ac.jp/repo/iiif/de6bc095-7487-3523-0293-8dc17de66bb0/manifest,,,,,43
総角,源氏物語,ゲンジ モノガタリ,[紫式部著],[書写地不明] : [書写者不明],54冊 ; 21cm,A00:6587,"青洲文庫書名は帙題簽による
巻次は題簽による
責任表示は『日本古典籍総合目録データベース』による
朱筆書き入れあり
虫損あり
旧請求記号 E23:48",http://tify.sub.uni-goettingen.de/demo.html?manifest=https://archdataset.dl.itc.u-tokyo.ac.jp/manifest/b8a38f32-0428-48bd-545d-f85e95959358.json,b8a38f32-0428-48bd-545d-f85e95959358,https://iiif.dl.itc.u-tokyo.ac.jp/repo/s/genji/,https://iiif.dl.itc.u-tokyo.ac.jp/repo/s/genji/document/b8a38f32-0428-48bd-545d-f85e95959358,https://www.lib.u-tokyo.ac.jp/ja/library/contents/archives-top/reuse,https://iiif.dl.itc.u-tokyo.ac.jp/repo/files/medium/8a87a3cc23fc2c5e3568975e6d68809741086428.jpg,https://iiif.dl.itc.u-tokyo.ac.jp/repo/api/items/275197,,http://iiif.io/api/presentation/2#rightToLeftDirection,,,47,,https://iiif.dl.itc.u-tokyo.ac.jp/repo/iiif/b8a38f32-0428-48bd-545d-f85e95959358/manifest,,,,,92
早蕨,源氏物語,ゲンジ モノガタリ,[紫式部著],[書写地不明] : [書写者不明],54冊 ; 21cm,A00:6587,"青洲文庫書名は帙題簽による
巻次は題簽による
責任表示は『日本古典籍総合目録データベース』による
朱筆書き入れあり
虫損あり
旧請求記号 E23:48",http://tify.sub.uni-goettingen.de/demo.html?manifest=https://archdataset.dl.itc.u-tokyo.ac.jp/manifest/83eac5f5-5cb6-1e49-856d-892a19e037c3.json,83eac5f5-5cb6-1e49-856d-892a19e037c3,https://iiif.dl.itc.u-tokyo.ac.jp/repo/s/genji/,https://iiif.dl.itc.u-tokyo.ac.jp/repo/s/genji/document/83eac5f5-5cb6-1e49-856d-892a19e037c3,https://www.lib.u-tokyo.ac.jp/ja/library/contents/archives-top/reuse,https://iiif.dl.itc.u-tokyo.ac.jp/repo/files/medium/2dab7f062f1dcbdb33833b090315caabeafd01d1.jpg,https://iiif.dl.itc.u-tokyo.ac.jp/repo/api/items/275198,,http://iiif.io/api/presentation/2#rightToLeftDirection,,,48,,https://iiif.dl.itc.u-tokyo.ac.jp/repo/iiif/83eac5f5-5cb6-1e49-856d-892a19e037c3/manifest,,,,,22
寄生,源氏物語,ゲンジ モノガタリ,[紫式部著],[書写地不明] : [書写者不明],54冊 ; 21cm,A00:6587,"青洲文庫書名は帙題簽による
巻次は題簽による
責任表示は『日本古典籍総合目録データベース』による
朱筆書き入れあり
虫損あり
旧請求記号 E23:48",http://tify.sub.uni-goettingen.de/demo.html?manifest=https://archdataset.dl.itc.u-tokyo.ac.jp/manifest/5c412f9d-0220-8f63-64ae-ca93a2328b20.json,5c412f9d-0220-8f63-64ae-ca93a2328b20,https://iiif.dl.itc.u-tokyo.ac.jp/repo/s/genji/,https://iiif.dl.itc.u-tokyo.ac.jp/repo/s/genji/document/5c412f9d-0220-8f63-64ae-ca93a2328b20,https://www.lib.u-tokyo.ac.jp/ja/library/contents/archives-top/reuse,https://iiif.dl.itc.u-tokyo.ac.jp/repo/files/medium/11690e1ac57987c9a83bc1e99d716695e15631d6.jpg,https://iiif.dl.itc.u-tokyo.ac.jp/repo/api/items/275199,,http://iiif.io/api/presentation/2#rightToLeftDirection,,,49,,https://iiif.dl.itc.u-tokyo.ac.jp/repo/iiif/5c412f9d-0220-8f63-64ae-ca93a2328b20/manifest,,,,,88
東屋,源氏物語,ゲンジ モノガタリ,[紫式部著],[書写地不明] : [書写者不明],54冊 ; 21cm,A00:6587,"青洲文庫書名は帙題簽による
巻次は題簽による
責任表示は『日本古典籍総合目録データベース』による
朱筆書き入れあり
虫損あり
旧請求記号 E23:48",http://tify.sub.uni-goettingen.de/demo.html?manifest=https://archdataset.dl.itc.u-tokyo.ac.jp/manifest/c3d552b8-8be9-a487-25c2-9500ef6d06a1.json,c3d552b8-8be9-a487-25c2-9500ef6d06a1,https://iiif.dl.itc.u-tokyo.ac.jp/repo/s/genji/,https://iiif.dl.itc.u-tokyo.ac.jp/repo/s/genji/document/c3d552b8-8be9-a487-25c2-9500ef6d06a1,https://www.lib.u-tokyo.ac.jp/ja/library/contents/archives-top/reuse,https://iiif.dl.itc.u-tokyo.ac.jp/repo/files/medium/4e81f425f9f1b695b0d9e2c89180612adc88f9f4.jpg,https://iiif.dl.itc.u-tokyo.ac.jp/repo/api/items/275200,,http://iiif.io/api/presentation/2#rightToLeftDirection,,,50,,https://iiif.dl.itc.u-tokyo.ac.jp/repo/iiif/c3d552b8-8be9-a487-25c2-9500ef6d06a1/manifest,,,,,66
浮舟,源氏物語,ゲンジ モノガタリ,[紫式部著],[書写地不明] : [書写者不明],54冊 ; 21cm,A00:6587,"青洲文庫書名は帙題簽による
巻次は題簽による
責任表示は『日本古典籍総合目録データベース』による
朱筆書き入れあり
虫損あり
旧請求記号 E23:48",http://tify.sub.uni-goettingen.de/demo.html?manifest=https://archdataset.dl.itc.u-tokyo.ac.jp/manifest/cbe1d687-0e67-6a9d-4394-b8e7947b00ac.json,cbe1d687-0e67-6a9d-4394-b8e7947b00ac,https://iiif.dl.itc.u-tokyo.ac.jp/repo/s/genji/,https://iiif.dl.itc.u-tokyo.ac.jp/repo/s/genji/document/cbe1d687-0e67-6a9d-4394-b8e7947b00ac,https://www.lib.u-tokyo.ac.jp/ja/library/contents/archives-top/reuse,https://iiif.dl.itc.u-tokyo.ac.jp/repo/files/medium/04f3ced686904e50547f9d4f3f646aca8020b9d1.jpg,https://iiif.dl.itc.u-tokyo.ac.jp/repo/api/items/275201,,http://iiif.io/api/presentation/2#rightToLeftDirection,,,51,,https://iiif.dl.itc.u-tokyo.ac.jp/repo/iiif/cbe1d687-0e67-6a9d-4394-b8e7947b00ac/manifest,,,,,75
蜻蛉,源氏物語,ゲンジ モノガタリ,[紫式部著],[書写地不明] : [書写者不明],54冊 ; 21cm,A00:6587,"青洲文庫書名は帙題簽による
巻次は題簽による
責任表示は『日本古典籍総合目録データベース』による
朱筆書き入れあり
虫損あり
旧請求記号 E23:48",http://tify.sub.uni-goettingen.de/demo.html?manifest=https://archdataset.dl.itc.u-tokyo.ac.jp/manifest/449c37ed-4ba0-5358-8d18-80a0864844e5.json,449c37ed-4ba0-5358-8d18-80a0864844e5,https://iiif.dl.itc.u-tokyo.ac.jp/repo/s/genji/,https://iiif.dl.itc.u-tokyo.ac.jp/repo/s/genji/document/449c37ed-4ba0-5358-8d18-80a0864844e5,https://www.lib.u-tokyo.ac.jp/ja/library/contents/archives-top/reuse,https://iiif.dl.itc.u-tokyo.ac.jp/repo/files/medium/2ef4aebdfa630028a45d15f1cf66f424ad9e6fe8.jpg,https://iiif.dl.itc.u-tokyo.ac.jp/repo/api/items/275202,,http://iiif.io/api/presentation/2#rightToLeftDirection,,,52,,https://iiif.dl.itc.u-tokyo.ac.jp/repo/iiif/449c37ed-4ba0-5358-8d18-80a0864844e5/manifest,,,,,63
手習,源氏物語,ゲンジ モノガタリ,[紫式部著],[書写地不明] : [書写者不明],54冊 ; 21cm,A00:6587,"青洲文庫書名は帙題簽による
巻次は題簽による
責任表示は『日本古典籍総合目録データベース』による
朱筆書き入れあり
虫損あり
旧請求記号 E23:48",http://tify.sub.uni-goettingen.de/demo.html?manifest=https://archdataset.dl.itc.u-tokyo.ac.jp/manifest/7e106aaa-9967-660f-2df0-80afe14e35b3.json,7e106aaa-9967-660f-2df0-80afe14e35b3,https://iiif.dl.itc.u-tokyo.ac.jp/repo/s/genji/,https://iiif.dl.itc.u-tokyo.ac.jp/repo/s/genji/document/7e106aaa-9967-660f-2df0-80afe14e35b3,https://www.lib.u-tokyo.ac.jp/ja/library/contents/archives-top/reuse,https://iiif.dl.itc.u-tokyo.ac.jp/repo/files/medium/9d06a29cf15f506f12ba6f8e98e57be05f041f02.jpg,https://iiif.dl.itc.u-tokyo.ac.jp/repo/api/items/275203,,http://iiif.io/api/presentation/2#rightToLeftDirection,,,53,,https://iiif.dl.itc.u-tokyo.ac.jp/repo/iiif/7e106aaa-9967-660f-2df0-80afe14e35b3/manifest,,,,,70
夢浮橋,源氏物語,ゲンジ モノガタリ,[紫式部著],[書写地不明] : [書写者不明],54冊 ; 21cm,A00:6587,"青洲文庫書名は帙題簽による
巻次は題簽による
責任表示は『日本古典籍総合目録データベース』による
朱筆書き入れあり
虫損あり
旧請求記号 E23:48",http://tify.sub.uni-goettingen.de/demo.html?manifest=https://archdataset.dl.itc.u-tokyo.ac.jp/manifest/090075d0-3e81-8414-5d57-62c516f49e47.json,090075d0-3e81-8414-5d57-62c516f49e47,https://iiif.dl.itc.u-tokyo.ac.jp/repo/s/genji/,https://iiif.dl.itc.u-tokyo.ac.jp/repo/s/genji/document/090075d0-3e81-8414-5d57-62c516f49e47,https://www.lib.u-tokyo.ac.jp/ja/library/contents/archives-top/reuse,https://iiif.dl.itc.u-tokyo.ac.jp/repo/files/medium/c86b0a0d077836b4449fa05ef1dbb22e5305269a.jpg,https://iiif.dl.itc.u-tokyo.ac.jp/repo/api/items/275204,,http://iiif.io/api/presentation/2#rightToLeftDirection,,,54,,https://iiif.dl.itc.u-tokyo.ac.jp/repo/iiif/090075d0-3e81-8414-5d57-62c516f49e47/manifest,,,,,22
