タイトル,資料名,資料名よみ,その他の資料名,その他の資料名よみ,著者,刊写の別,形態,請求記号,iiif viewer,ID,ウェブサイトURL,アイテムURL,利用条件,サムネイル,機械可読ドキュメント,帰属,viewingDirection,viewingHint,コレクション,ソート用項目,西暦,IIIFマニフェストURI,IIIF Search API URI,アノテーション付きIIIFマニフェストURI,Link to TAPAS Project,Text with Rich Text Format,# of media
dcterms:title,dcndl:seriesTitle,dcndl:seriesTitleTranscription,dcndl:seriesAlternative,dcndl:seriesAlternativeTranscription,dcterms:creator,dcterms:type,bibo:numVolumes,dcndl:callNumber,iiif viewer,bibo:identifier,dcterms:isPartOf,dcterms:relation,dcterms:rights,foaf:thumbnail,rdfs:seeAlso,sc:attributionLabel,sc:viewingDirection,sc:viewingHint,uterms:databaseLabel,uterms:sort,uterms:year,uterms:manifestUri,uterms:searchApiUri,uterms:annotedManifest,uterms:linkToTapas,uterms:rtf,270
測地原稿図(全),測地原稿図,,伊能忠敬測地原図,いのうただたかそくちげんず,伊能忠敬,写,93枚,A00:4549,http://tify.sub.uni-goettingen.de/demo.html?manifest=https://archdataset.dl.itc.u-tokyo.ac.jp/manifest/b7d2dc7b-56a6-6182-0a85-90b5657b01ea.json,b7d2dc7b-56a6-6182-0a85-90b5657b01ea,https://iiif.dl.itc.u-tokyo.ac.jp/repo/s/sokuchigenkozu/,https://iiif.dl.itc.u-tokyo.ac.jp/repo/s/sokuchigenkozu/document/b7d2dc7b-56a6-6182-0a85-90b5657b01ea,https://www.lib.u-tokyo.ac.jp/ja/library/contents/archives-top/reuse,https://iiif.dl.itc.u-tokyo.ac.jp/repo/files/medium/b7d2dc7b-56a6-6182-0a85-90b5657b01ea.jpg,https://iiif.dl.itc.u-tokyo.ac.jp/repo/api/items/534102,"東京大学総合図書館 General Library in the University of Tokyo, JAPAN",http://iiif.io/api/presentation/2#rightToLeftDirection,,測地原稿図,10000000,,https://iiif.dl.itc.u-tokyo.ac.jp/repo/iiif/b7d2dc7b-56a6-6182-0a85-90b5657b01ea/manifest,,,,,135
甲州巨摩郡 自 身延山山門之石 至 福士村人家前,測地原稿図,,伊能忠敬測地原図,いのうただたかそくちげんず,伊能忠敬,写,93枚,A00:4549,http://tify.sub.uni-goettingen.de/demo.html?manifest=https://archdataset.dl.itc.u-tokyo.ac.jp/manifest/0c6ecc75-597f-4469-8ba1-b70a5ff27fd8.json,0c6ecc75-597f-4469-8ba1-b70a5ff27fd8,https://iiif.dl.itc.u-tokyo.ac.jp/repo/s/sokuchigenkozu/,https://iiif.dl.itc.u-tokyo.ac.jp/repo/s/sokuchigenkozu/document/0c6ecc75-597f-4469-8ba1-b70a5ff27fd8,https://www.lib.u-tokyo.ac.jp/ja/library/contents/archives-top/reuse,https://iiif.dl.itc.u-tokyo.ac.jp/repo/files/medium/c6fb076d4a2520ad181c8112c7d3a15090098dc9.jpg,https://iiif.dl.itc.u-tokyo.ac.jp/repo/api/items/533759,"東京大学総合図書館 General Library in the University of Tokyo, JAPAN",http://iiif.io/api/presentation/2#rightToLeftDirection,,測地原稿図,10000001,,https://iiif.dl.itc.u-tokyo.ac.jp/repo/iiif/0c6ecc75-597f-4469-8ba1-b70a5ff27fd8/manifest,,,,,1
自 辻堂村東海道追分 至 大山歴テ田原村制礼,測地原稿図,,伊能忠敬測地原図,いのうただたかそくちげんず,伊能忠敬,写,93枚,A00:4549,http://tify.sub.uni-goettingen.de/demo.html?manifest=https://archdataset.dl.itc.u-tokyo.ac.jp/manifest/eea7a8bd-7951-30a9-8c0c-5c0a56787b38.json,eea7a8bd-7951-30a9-8c0c-5c0a56787b38,https://iiif.dl.itc.u-tokyo.ac.jp/repo/s/sokuchigenkozu/,https://iiif.dl.itc.u-tokyo.ac.jp/repo/s/sokuchigenkozu/document/eea7a8bd-7951-30a9-8c0c-5c0a56787b38,https://www.lib.u-tokyo.ac.jp/ja/library/contents/archives-top/reuse,https://iiif.dl.itc.u-tokyo.ac.jp/repo/files/medium/a21e90c1d58f6496163c911dc1e620b58e77185b.jpg,https://iiif.dl.itc.u-tokyo.ac.jp/repo/api/items/533760,"東京大学総合図書館 General Library in the University of Tokyo, JAPAN",http://iiif.io/api/presentation/2#rightToLeftDirection,,測地原稿図,10000002,,https://iiif.dl.itc.u-tokyo.ac.jp/repo/iiif/eea7a8bd-7951-30a9-8c0c-5c0a56787b38/manifest,,,,,1
従 武州大里郡熊谷宿歴川越 至 入間郡大仙波新田,測地原稿図,,伊能忠敬測地原図,いのうただたかそくちげんず,伊能忠敬,写,93枚,A00:4549,http://tify.sub.uni-goettingen.de/demo.html?manifest=https://archdataset.dl.itc.u-tokyo.ac.jp/manifest/e3cd2bc9-2785-451c-57ec-9dd080779fca.json,e3cd2bc9-2785-451c-57ec-9dd080779fca,https://iiif.dl.itc.u-tokyo.ac.jp/repo/s/sokuchigenkozu/,https://iiif.dl.itc.u-tokyo.ac.jp/repo/s/sokuchigenkozu/document/e3cd2bc9-2785-451c-57ec-9dd080779fca,https://www.lib.u-tokyo.ac.jp/ja/library/contents/archives-top/reuse,https://iiif.dl.itc.u-tokyo.ac.jp/repo/files/medium/907dc102e2c19a7890db13c280d3a1930e93c2db.jpg,https://iiif.dl.itc.u-tokyo.ac.jp/repo/api/items/533761,"東京大学総合図書館 General Library in the University of Tokyo, JAPAN",http://iiif.io/api/presentation/2#rightToLeftDirection,,測地原稿図,10000003,,https://iiif.dl.itc.u-tokyo.ac.jp/repo/iiif/e3cd2bc9-2785-451c-57ec-9dd080779fca/manifest,,,,,2
自 江府深川測処 至 大堀村,測地原稿図,,伊能忠敬測地原図,いのうただたかそくちげんず,伊能忠敬,写,93枚,A00:4549,http://tify.sub.uni-goettingen.de/demo.html?manifest=https://archdataset.dl.itc.u-tokyo.ac.jp/manifest/d1ba2b6b-19cd-9336-9d31-eca0f7f1a602.json,d1ba2b6b-19cd-9336-9d31-eca0f7f1a602,https://iiif.dl.itc.u-tokyo.ac.jp/repo/s/sokuchigenkozu/,https://iiif.dl.itc.u-tokyo.ac.jp/repo/s/sokuchigenkozu/document/d1ba2b6b-19cd-9336-9d31-eca0f7f1a602,https://www.lib.u-tokyo.ac.jp/ja/library/contents/archives-top/reuse,https://iiif.dl.itc.u-tokyo.ac.jp/repo/files/medium/90167bf921992349fb24385d0e7448e55e425678.jpg,https://iiif.dl.itc.u-tokyo.ac.jp/repo/api/items/533762,"東京大学総合図書館 General Library in the University of Tokyo, JAPAN",http://iiif.io/api/presentation/2#rightToLeftDirection,,測地原稿図,10000004,,https://iiif.dl.itc.u-tokyo.ac.jp/repo/iiif/d1ba2b6b-19cd-9336-9d31-eca0f7f1a602/manifest,,,,,2
自 信州筑摩郡洗馬宿大門村歴松本 至 更級郡川中島塩崎,測地原稿図,,伊能忠敬測地原図,いのうただたかそくちげんず,伊能忠敬,写,93枚,A00:4549,http://tify.sub.uni-goettingen.de/demo.html?manifest=https://archdataset.dl.itc.u-tokyo.ac.jp/manifest/86168cb3-3911-6091-322c-efab3c982238.json,86168cb3-3911-6091-322c-efab3c982238,https://iiif.dl.itc.u-tokyo.ac.jp/repo/s/sokuchigenkozu/,https://iiif.dl.itc.u-tokyo.ac.jp/repo/s/sokuchigenkozu/document/86168cb3-3911-6091-322c-efab3c982238,https://www.lib.u-tokyo.ac.jp/ja/library/contents/archives-top/reuse,https://iiif.dl.itc.u-tokyo.ac.jp/repo/files/medium/5fd35be1fbf2dead1d2c62ec743ce6eeebb58df8.jpg,https://iiif.dl.itc.u-tokyo.ac.jp/repo/api/items/533763,"東京大学総合図書館 General Library in the University of Tokyo, JAPAN",http://iiif.io/api/presentation/2#rightToLeftDirection,,測地原稿図,10000005,,https://iiif.dl.itc.u-tokyo.ac.jp/repo/iiif/86168cb3-3911-6091-322c-efab3c982238/manifest,,,,,2
従 飛州大野郡無敷河村 至 信州筑摩郡藪原宿制札,測地原稿図,,伊能忠敬測地原図,いのうただたかそくちげんず,伊能忠敬,写,93枚,A00:4549,http://tify.sub.uni-goettingen.de/demo.html?manifest=https://archdataset.dl.itc.u-tokyo.ac.jp/manifest/4fa5f500-6b90-482f-5ed9-874f653504d8.json,4fa5f500-6b90-482f-5ed9-874f653504d8,https://iiif.dl.itc.u-tokyo.ac.jp/repo/s/sokuchigenkozu/,https://iiif.dl.itc.u-tokyo.ac.jp/repo/s/sokuchigenkozu/document/4fa5f500-6b90-482f-5ed9-874f653504d8,https://www.lib.u-tokyo.ac.jp/ja/library/contents/archives-top/reuse,https://iiif.dl.itc.u-tokyo.ac.jp/repo/files/medium/0f62bc41a0229a2c92f5daa090fc51e6776c412d.jpg,https://iiif.dl.itc.u-tokyo.ac.jp/repo/api/items/533764,"東京大学総合図書館 General Library in the University of Tokyo, JAPAN",http://iiif.io/api/presentation/2#rightToLeftDirection,,測地原稿図,10000006,,https://iiif.dl.itc.u-tokyo.ac.jp/repo/iiif/4fa5f500-6b90-482f-5ed9-874f653504d8/manifest,,,,,2
従 信州佐久郡借宿村下仁田通リ 至 武州児玉郡本庄宿制札 多胡碑,測地原稿図,,伊能忠敬測地原図,いのうただたかそくちげんず,伊能忠敬,写,93枚,A00:4549,http://tify.sub.uni-goettingen.de/demo.html?manifest=https://archdataset.dl.itc.u-tokyo.ac.jp/manifest/8ea3dff1-5584-4016-1b93-8b4298a3415e.json,8ea3dff1-5584-4016-1b93-8b4298a3415e,https://iiif.dl.itc.u-tokyo.ac.jp/repo/s/sokuchigenkozu/,https://iiif.dl.itc.u-tokyo.ac.jp/repo/s/sokuchigenkozu/document/8ea3dff1-5584-4016-1b93-8b4298a3415e,https://www.lib.u-tokyo.ac.jp/ja/library/contents/archives-top/reuse,https://iiif.dl.itc.u-tokyo.ac.jp/repo/files/medium/7238075bde269d650fc879ba2425d8db467534a8.jpg,https://iiif.dl.itc.u-tokyo.ac.jp/repo/api/items/533765,"東京大学総合図書館 General Library in the University of Tokyo, JAPAN",http://iiif.io/api/presentation/2#rightToLeftDirection,,測地原稿図,10000007,,https://iiif.dl.itc.u-tokyo.ac.jp/repo/iiif/8ea3dff1-5584-4016-1b93-8b4298a3415e/manifest,,,,,2
"従 周防国吉敷郡山口道場門前町 至 佐波郡東佐波令制札, 長門阿武郡地福村字□, 周防吉敷郡宮野村□七房, 防芸州界亀尾川峠",測地原稿図,,伊能忠敬測地原図,いのうただたかそくちげんず,伊能忠敬,写,93枚,A00:4549,http://tify.sub.uni-goettingen.de/demo.html?manifest=https://archdataset.dl.itc.u-tokyo.ac.jp/manifest/a27d5425-9b21-7938-1910-fc869954009d.json,a27d5425-9b21-7938-1910-fc869954009d,https://iiif.dl.itc.u-tokyo.ac.jp/repo/s/sokuchigenkozu/,https://iiif.dl.itc.u-tokyo.ac.jp/repo/s/sokuchigenkozu/document/a27d5425-9b21-7938-1910-fc869954009d,https://www.lib.u-tokyo.ac.jp/ja/library/contents/archives-top/reuse,https://iiif.dl.itc.u-tokyo.ac.jp/repo/files/medium/db4d6c48fb417c67dbf364d5a5457fe3b2e2614d.jpg,https://iiif.dl.itc.u-tokyo.ac.jp/repo/api/items/533766,"東京大学総合図書館 General Library in the University of Tokyo, JAPAN",http://iiif.io/api/presentation/2#rightToLeftDirection,,測地原稿図,10000008,,https://iiif.dl.itc.u-tokyo.ac.jp/repo/iiif/a27d5425-9b21-7938-1910-fc869954009d/manifest,,,,,2
従 長門豊浦郡小月宿制札 至 阿武郡萩市中入口,測地原稿図,,伊能忠敬測地原図,いのうただたかそくちげんず,伊能忠敬,写,93枚,A00:4549,http://tify.sub.uni-goettingen.de/demo.html?manifest=https://archdataset.dl.itc.u-tokyo.ac.jp/manifest/cbee3a35-3741-65a3-7482-aa1c2850438c.json,cbee3a35-3741-65a3-7482-aa1c2850438c,https://iiif.dl.itc.u-tokyo.ac.jp/repo/s/sokuchigenkozu/,https://iiif.dl.itc.u-tokyo.ac.jp/repo/s/sokuchigenkozu/document/cbee3a35-3741-65a3-7482-aa1c2850438c,https://www.lib.u-tokyo.ac.jp/ja/library/contents/archives-top/reuse,https://iiif.dl.itc.u-tokyo.ac.jp/repo/files/medium/bb86969bc3739da5d0a69598d349ea35df5feec8.jpg,https://iiif.dl.itc.u-tokyo.ac.jp/repo/api/items/533767,"東京大学総合図書館 General Library in the University of Tokyo, JAPAN",http://iiif.io/api/presentation/2#rightToLeftDirection,,測地原稿図,10000009,,https://iiif.dl.itc.u-tokyo.ac.jp/repo/iiif/cbee3a35-3741-65a3-7482-aa1c2850438c/manifest,,,,,2
自 中山道歴名古屋 至 岡崎趣甲州街道 2,測地原稿図,,伊能忠敬測地原図,いのうただたかそくちげんず,伊能忠敬,写,93枚,A00:4549,http://tify.sub.uni-goettingen.de/demo.html?manifest=https://archdataset.dl.itc.u-tokyo.ac.jp/manifest/24d93f3d-7479-01c5-6bab-8cae59aca1ba.json,24d93f3d-7479-01c5-6bab-8cae59aca1ba,https://iiif.dl.itc.u-tokyo.ac.jp/repo/s/sokuchigenkozu/,https://iiif.dl.itc.u-tokyo.ac.jp/repo/s/sokuchigenkozu/document/24d93f3d-7479-01c5-6bab-8cae59aca1ba,https://www.lib.u-tokyo.ac.jp/ja/library/contents/archives-top/reuse,https://iiif.dl.itc.u-tokyo.ac.jp/repo/files/medium/4f1c78b0f6224793011f57950850443b0449a832.jpg,https://iiif.dl.itc.u-tokyo.ac.jp/repo/api/items/533768,"東京大学総合図書館 General Library in the University of Tokyo, JAPAN",http://iiif.io/api/presentation/2#rightToLeftDirection,,測地原稿図,10000010,,https://iiif.dl.itc.u-tokyo.ac.jp/repo/iiif/24d93f3d-7479-01c5-6bab-8cae59aca1ba/manifest,,,,,2
自 岡崎趣甲州街道 3,測地原稿図,,伊能忠敬測地原図,いのうただたかそくちげんず,伊能忠敬,写,93枚,A00:4549,http://tify.sub.uni-goettingen.de/demo.html?manifest=https://archdataset.dl.itc.u-tokyo.ac.jp/manifest/355c0ab5-3ceb-0797-9343-5b6c273a6509.json,355c0ab5-3ceb-0797-9343-5b6c273a6509,https://iiif.dl.itc.u-tokyo.ac.jp/repo/s/sokuchigenkozu/,https://iiif.dl.itc.u-tokyo.ac.jp/repo/s/sokuchigenkozu/document/355c0ab5-3ceb-0797-9343-5b6c273a6509,https://www.lib.u-tokyo.ac.jp/ja/library/contents/archives-top/reuse,https://iiif.dl.itc.u-tokyo.ac.jp/repo/files/medium/ceb49c2e170c277745566fa7bdd7db2aa9f2330b.jpg,https://iiif.dl.itc.u-tokyo.ac.jp/repo/api/items/533769,"東京大学総合図書館 General Library in the University of Tokyo, JAPAN",http://iiif.io/api/presentation/2#rightToLeftDirection,,測地原稿図,10000011,,https://iiif.dl.itc.u-tokyo.ac.jp/repo/iiif/355c0ab5-3ceb-0797-9343-5b6c273a6509/manifest,,,,,2
"[記載なし][葛西川村, 亀戸村, 小名木村 等]",測地原稿図,,伊能忠敬測地原図,いのうただたかそくちげんず,伊能忠敬,写,93枚,A00:4549,http://tify.sub.uni-goettingen.de/demo.html?manifest=https://archdataset.dl.itc.u-tokyo.ac.jp/manifest/94371ff9-2ba1-9e62-a307-cfa886dc6da4.json,94371ff9-2ba1-9e62-a307-cfa886dc6da4,https://iiif.dl.itc.u-tokyo.ac.jp/repo/s/sokuchigenkozu/,https://iiif.dl.itc.u-tokyo.ac.jp/repo/s/sokuchigenkozu/document/94371ff9-2ba1-9e62-a307-cfa886dc6da4,https://www.lib.u-tokyo.ac.jp/ja/library/contents/archives-top/reuse,https://iiif.dl.itc.u-tokyo.ac.jp/repo/files/medium/39cec0d146840cd92522a474f3d4618431c08ee0.jpg,https://iiif.dl.itc.u-tokyo.ac.jp/repo/api/items/533770,"東京大学総合図書館 General Library in the University of Tokyo, JAPAN",http://iiif.io/api/presentation/2#rightToLeftDirection,,測地原稿図,10000012,,https://iiif.dl.itc.u-tokyo.ac.jp/repo/iiif/94371ff9-2ba1-9e62-a307-cfa886dc6da4/manifest,,,,,1
岡崎ヨリ甲州街道ニ趣 5,測地原稿図,,伊能忠敬測地原図,いのうただたかそくちげんず,伊能忠敬,写,93枚,A00:4549,http://tify.sub.uni-goettingen.de/demo.html?manifest=https://archdataset.dl.itc.u-tokyo.ac.jp/manifest/fb41fbbc-6232-59a6-a516-be7750d633ee.json,fb41fbbc-6232-59a6-a516-be7750d633ee,https://iiif.dl.itc.u-tokyo.ac.jp/repo/s/sokuchigenkozu/,https://iiif.dl.itc.u-tokyo.ac.jp/repo/s/sokuchigenkozu/document/fb41fbbc-6232-59a6-a516-be7750d633ee,https://www.lib.u-tokyo.ac.jp/ja/library/contents/archives-top/reuse,https://iiif.dl.itc.u-tokyo.ac.jp/repo/files/medium/9b5317dfc6b1a72e5ed5c2023aac78d8601b2794.jpg,https://iiif.dl.itc.u-tokyo.ac.jp/repo/api/items/533771,"東京大学総合図書館 General Library in the University of Tokyo, JAPAN",http://iiif.io/api/presentation/2#rightToLeftDirection,,測地原稿図,10000013,,https://iiif.dl.itc.u-tokyo.ac.jp/repo/iiif/fb41fbbc-6232-59a6-a516-be7750d633ee/manifest,,,,,2
従 信州水内郡長野村内善光寺宿善光寺門前飯山須坂松代ヲ歴テ 至 高井郡屋代宿,測地原稿図,,伊能忠敬測地原図,いのうただたかそくちげんず,伊能忠敬,写,93枚,A00:4549,http://tify.sub.uni-goettingen.de/demo.html?manifest=https://archdataset.dl.itc.u-tokyo.ac.jp/manifest/68cf6f00-3081-069c-0fb2-306b821f9815.json,68cf6f00-3081-069c-0fb2-306b821f9815,https://iiif.dl.itc.u-tokyo.ac.jp/repo/s/sokuchigenkozu/,https://iiif.dl.itc.u-tokyo.ac.jp/repo/s/sokuchigenkozu/document/68cf6f00-3081-069c-0fb2-306b821f9815,https://www.lib.u-tokyo.ac.jp/ja/library/contents/archives-top/reuse,https://iiif.dl.itc.u-tokyo.ac.jp/repo/files/medium/113fab30cde6718009697ab7ba5257f51f29d69b.jpg,https://iiif.dl.itc.u-tokyo.ac.jp/repo/api/items/533772,"東京大学総合図書館 General Library in the University of Tokyo, JAPAN",http://iiif.io/api/presentation/2#rightToLeftDirection,,測地原稿図,10000014,,https://iiif.dl.itc.u-tokyo.ac.jp/repo/iiif/68cf6f00-3081-069c-0fb2-306b821f9815/manifest,,,,,2
中山道六分之原図 4,測地原稿図,,伊能忠敬測地原図,いのうただたかそくちげんず,伊能忠敬,写,93枚,A00:4549,http://tify.sub.uni-goettingen.de/demo.html?manifest=https://archdataset.dl.itc.u-tokyo.ac.jp/manifest/285997ad-158b-843a-05c7-cfe8d95f9877.json,285997ad-158b-843a-05c7-cfe8d95f9877,https://iiif.dl.itc.u-tokyo.ac.jp/repo/s/sokuchigenkozu/,https://iiif.dl.itc.u-tokyo.ac.jp/repo/s/sokuchigenkozu/document/285997ad-158b-843a-05c7-cfe8d95f9877,https://www.lib.u-tokyo.ac.jp/ja/library/contents/archives-top/reuse,https://iiif.dl.itc.u-tokyo.ac.jp/repo/files/medium/75ac14bdc42d47964cdcab00a93cf32e79bb7bd6.jpg,https://iiif.dl.itc.u-tokyo.ac.jp/repo/api/items/533773,"東京大学総合図書館 General Library in the University of Tokyo, JAPAN",http://iiif.io/api/presentation/2#rightToLeftDirection,,測地原稿図,10000015,,https://iiif.dl.itc.u-tokyo.ac.jp/repo/iiif/285997ad-158b-843a-05c7-cfe8d95f9877/manifest,,,,,2
中山道六分之元図 第6,測地原稿図,,伊能忠敬測地原図,いのうただたかそくちげんず,伊能忠敬,写,93枚,A00:4549,http://tify.sub.uni-goettingen.de/demo.html?manifest=https://archdataset.dl.itc.u-tokyo.ac.jp/manifest/a7a3db90-5f23-5e18-86da-823535a3770b.json,a7a3db90-5f23-5e18-86da-823535a3770b,https://iiif.dl.itc.u-tokyo.ac.jp/repo/s/sokuchigenkozu/,https://iiif.dl.itc.u-tokyo.ac.jp/repo/s/sokuchigenkozu/document/a7a3db90-5f23-5e18-86da-823535a3770b,https://www.lib.u-tokyo.ac.jp/ja/library/contents/archives-top/reuse,https://iiif.dl.itc.u-tokyo.ac.jp/repo/files/medium/e62d20cce9f258e291ae6bd57ed3eccb874dd345.jpg,https://iiif.dl.itc.u-tokyo.ac.jp/repo/api/items/533774,"東京大学総合図書館 General Library in the University of Tokyo, JAPAN",http://iiif.io/api/presentation/2#rightToLeftDirection,,測地原稿図,10000016,,https://iiif.dl.itc.u-tokyo.ac.jp/repo/iiif/a7a3db90-5f23-5e18-86da-823535a3770b/manifest,,,,,2
中山道六分之原図 5,測地原稿図,,伊能忠敬測地原図,いのうただたかそくちげんず,伊能忠敬,写,93枚,A00:4549,http://tify.sub.uni-goettingen.de/demo.html?manifest=https://archdataset.dl.itc.u-tokyo.ac.jp/manifest/d0bb794d-3918-6f23-666c-ce0c66eb4196.json,d0bb794d-3918-6f23-666c-ce0c66eb4196,https://iiif.dl.itc.u-tokyo.ac.jp/repo/s/sokuchigenkozu/,https://iiif.dl.itc.u-tokyo.ac.jp/repo/s/sokuchigenkozu/document/d0bb794d-3918-6f23-666c-ce0c66eb4196,https://www.lib.u-tokyo.ac.jp/ja/library/contents/archives-top/reuse,https://iiif.dl.itc.u-tokyo.ac.jp/repo/files/medium/06cf1800640feabd5c314ed45fe23b6c877da8ae.jpg,https://iiif.dl.itc.u-tokyo.ac.jp/repo/api/items/533775,"東京大学総合図書館 General Library in the University of Tokyo, JAPAN",http://iiif.io/api/presentation/2#rightToLeftDirection,,測地原稿図,10000017,,https://iiif.dl.itc.u-tokyo.ac.jp/repo/iiif/d0bb794d-3918-6f23-666c-ce0c66eb4196/manifest,,,,,2
"従 作州大庭郡下長田村字犬挟峠 至 伯州日野郡二部村字間地, 備中阿賀郡小坂部村, 同上房郡□□村字塩坪, 作州大庭郡久世村歴方中嶋村境",測地原稿図,,伊能忠敬測地原図,いのうただたかそくちげんず,伊能忠敬,写,93枚,A00:4549,http://tify.sub.uni-goettingen.de/demo.html?manifest=https://archdataset.dl.itc.u-tokyo.ac.jp/manifest/828d4f3b-68ec-2870-2331-aedb9954109d.json,828d4f3b-68ec-2870-2331-aedb9954109d,https://iiif.dl.itc.u-tokyo.ac.jp/repo/s/sokuchigenkozu/,https://iiif.dl.itc.u-tokyo.ac.jp/repo/s/sokuchigenkozu/document/828d4f3b-68ec-2870-2331-aedb9954109d,https://www.lib.u-tokyo.ac.jp/ja/library/contents/archives-top/reuse,https://iiif.dl.itc.u-tokyo.ac.jp/repo/files/medium/7efef3f168998c2bdab45bc7368be9896470798d.jpg,https://iiif.dl.itc.u-tokyo.ac.jp/repo/api/items/533776,"東京大学総合図書館 General Library in the University of Tokyo, JAPAN",http://iiif.io/api/presentation/2#rightToLeftDirection,,測地原稿図,10000018,,https://iiif.dl.itc.u-tokyo.ac.jp/repo/iiif/828d4f3b-68ec-2870-2331-aedb9954109d/manifest,,,,,2
両国街道 5 自 備後安那郡川北村 至 安芸豊田郡本郷村,測地原稿図,,伊能忠敬測地原図,いのうただたかそくちげんず,伊能忠敬,写,93枚,A00:4549,http://tify.sub.uni-goettingen.de/demo.html?manifest=https://archdataset.dl.itc.u-tokyo.ac.jp/manifest/d76eef77-a2fb-0ad5-7929-ba1bd036620e.json,d76eef77-a2fb-0ad5-7929-ba1bd036620e,https://iiif.dl.itc.u-tokyo.ac.jp/repo/s/sokuchigenkozu/,https://iiif.dl.itc.u-tokyo.ac.jp/repo/s/sokuchigenkozu/document/d76eef77-a2fb-0ad5-7929-ba1bd036620e,https://www.lib.u-tokyo.ac.jp/ja/library/contents/archives-top/reuse,https://iiif.dl.itc.u-tokyo.ac.jp/repo/files/medium/bb19ccb968369267dd61a17323fc43c1df2ac5f8.jpg,https://iiif.dl.itc.u-tokyo.ac.jp/repo/api/items/533777,"東京大学総合図書館 General Library in the University of Tokyo, JAPAN",http://iiif.io/api/presentation/2#rightToLeftDirection,,測地原稿図,10000019,,https://iiif.dl.itc.u-tokyo.ac.jp/repo/iiif/d76eef77-a2fb-0ad5-7929-ba1bd036620e/manifest,,,,,2
両国街道 6 芸州 従 豊田郡本郷村 至 安芸郡上瀬野村,測地原稿図,,伊能忠敬測地原図,いのうただたかそくちげんず,伊能忠敬,写,93枚,A00:4549,http://tify.sub.uni-goettingen.de/demo.html?manifest=https://archdataset.dl.itc.u-tokyo.ac.jp/manifest/5d6c36e2-5d9f-862e-5c08-07f8641c0d62.json,5d6c36e2-5d9f-862e-5c08-07f8641c0d62,https://iiif.dl.itc.u-tokyo.ac.jp/repo/s/sokuchigenkozu/,https://iiif.dl.itc.u-tokyo.ac.jp/repo/s/sokuchigenkozu/document/5d6c36e2-5d9f-862e-5c08-07f8641c0d62,https://www.lib.u-tokyo.ac.jp/ja/library/contents/archives-top/reuse,https://iiif.dl.itc.u-tokyo.ac.jp/repo/files/medium/92b0352009f9a229f61adad481bcd0fcc07d37cf.jpg,https://iiif.dl.itc.u-tokyo.ac.jp/repo/api/items/533778,"東京大学総合図書館 General Library in the University of Tokyo, JAPAN",http://iiif.io/api/presentation/2#rightToLeftDirection,,測地原稿図,10000020,,https://iiif.dl.itc.u-tokyo.ac.jp/repo/iiif/5d6c36e2-5d9f-862e-5c08-07f8641c0d62/manifest,,,,,2
"両国街道 4 従 岡山下町 至 神辺又油木, 八川ニ至ル",測地原稿図,,伊能忠敬測地原図,いのうただたかそくちげんず,伊能忠敬,写,93枚,A00:4549,http://tify.sub.uni-goettingen.de/demo.html?manifest=https://archdataset.dl.itc.u-tokyo.ac.jp/manifest/0e76e3be-97ce-0bde-521c-ce96ae7d2efd.json,0e76e3be-97ce-0bde-521c-ce96ae7d2efd,https://iiif.dl.itc.u-tokyo.ac.jp/repo/s/sokuchigenkozu/,https://iiif.dl.itc.u-tokyo.ac.jp/repo/s/sokuchigenkozu/document/0e76e3be-97ce-0bde-521c-ce96ae7d2efd,https://www.lib.u-tokyo.ac.jp/ja/library/contents/archives-top/reuse,https://iiif.dl.itc.u-tokyo.ac.jp/repo/files/medium/b7b5e64eb95490aefad188e4973bf429421b22df.jpg,https://iiif.dl.itc.u-tokyo.ac.jp/repo/api/items/533779,"東京大学総合図書館 General Library in the University of Tokyo, JAPAN",http://iiif.io/api/presentation/2#rightToLeftDirection,,測地原稿図,10000021,,https://iiif.dl.itc.u-tokyo.ac.jp/repo/iiif/0e76e3be-97ce-0bde-521c-ce96ae7d2efd/manifest,,,,,2
"両国街道 1 山城淀, 播磨神戸村",測地原稿図,,伊能忠敬測地原図,いのうただたかそくちげんず,伊能忠敬,写,93枚,A00:4549,http://tify.sub.uni-goettingen.de/demo.html?manifest=https://archdataset.dl.itc.u-tokyo.ac.jp/manifest/a0374157-4f3e-6c85-348b-38363d4a841f.json,a0374157-4f3e-6c85-348b-38363d4a841f,https://iiif.dl.itc.u-tokyo.ac.jp/repo/s/sokuchigenkozu/,https://iiif.dl.itc.u-tokyo.ac.jp/repo/s/sokuchigenkozu/document/a0374157-4f3e-6c85-348b-38363d4a841f,https://www.lib.u-tokyo.ac.jp/ja/library/contents/archives-top/reuse,https://iiif.dl.itc.u-tokyo.ac.jp/repo/files/medium/d3cbb4ecbc2cabafafa5e80c3c1d83773101b4bc.jpg,https://iiif.dl.itc.u-tokyo.ac.jp/repo/api/items/533780,"東京大学総合図書館 General Library in the University of Tokyo, JAPAN",http://iiif.io/api/presentation/2#rightToLeftDirection,,測地原稿図,10000022,,https://iiif.dl.itc.u-tokyo.ac.jp/repo/iiif/a0374157-4f3e-6c85-348b-38363d4a841f/manifest,,,,,2
従 摂州豊島郡半町止宿 至 播州加西郡坂本村,測地原稿図,,伊能忠敬測地原図,いのうただたかそくちげんず,伊能忠敬,写,93枚,A00:4549,http://tify.sub.uni-goettingen.de/demo.html?manifest=https://archdataset.dl.itc.u-tokyo.ac.jp/manifest/31606d80-64cd-7362-4302-35e960f900e8.json,31606d80-64cd-7362-4302-35e960f900e8,https://iiif.dl.itc.u-tokyo.ac.jp/repo/s/sokuchigenkozu/,https://iiif.dl.itc.u-tokyo.ac.jp/repo/s/sokuchigenkozu/document/31606d80-64cd-7362-4302-35e960f900e8,https://www.lib.u-tokyo.ac.jp/ja/library/contents/archives-top/reuse,https://iiif.dl.itc.u-tokyo.ac.jp/repo/files/medium/05b83fa794e0257e48789ee6f32395937a8ff458.jpg,https://iiif.dl.itc.u-tokyo.ac.jp/repo/api/items/533781,"東京大学総合図書館 General Library in the University of Tokyo, JAPAN",http://iiif.io/api/presentation/2#rightToLeftDirection,,測地原稿図,10000023,,https://iiif.dl.itc.u-tokyo.ac.jp/repo/iiif/31606d80-64cd-7362-4302-35e960f900e8/manifest,,,,,2
第37番 自 田老村 至 唐舟之図,測地原稿図,,伊能忠敬測地原図,いのうただたかそくちげんず,伊能忠敬,写,93枚,A00:4549,http://tify.sub.uni-goettingen.de/demo.html?manifest=https://archdataset.dl.itc.u-tokyo.ac.jp/manifest/d8694eeb-a144-4b6b-07d8-1a3bbca66089.json,d8694eeb-a144-4b6b-07d8-1a3bbca66089,https://iiif.dl.itc.u-tokyo.ac.jp/repo/s/sokuchigenkozu/,https://iiif.dl.itc.u-tokyo.ac.jp/repo/s/sokuchigenkozu/document/d8694eeb-a144-4b6b-07d8-1a3bbca66089,https://www.lib.u-tokyo.ac.jp/ja/library/contents/archives-top/reuse,https://iiif.dl.itc.u-tokyo.ac.jp/repo/files/medium/6f465c36c4faf93929f97f858044d473966f5e77.jpg,https://iiif.dl.itc.u-tokyo.ac.jp/repo/api/items/533782,"東京大学総合図書館 General Library in the University of Tokyo, JAPAN",http://iiif.io/api/presentation/2#rightToLeftDirection,,測地原稿図,10000024,,https://iiif.dl.itc.u-tokyo.ac.jp/repo/iiif/d8694eeb-a144-4b6b-07d8-1a3bbca66089/manifest,,,,,1
第38番 自 唐舟 至 岩尻村図,測地原稿図,,伊能忠敬測地原図,いのうただたかそくちげんず,伊能忠敬,写,93枚,A00:4549,http://tify.sub.uni-goettingen.de/demo.html?manifest=https://archdataset.dl.itc.u-tokyo.ac.jp/manifest/cff7647e-93b0-1c96-109e-dea91230a63e.json,cff7647e-93b0-1c96-109e-dea91230a63e,https://iiif.dl.itc.u-tokyo.ac.jp/repo/s/sokuchigenkozu/,https://iiif.dl.itc.u-tokyo.ac.jp/repo/s/sokuchigenkozu/document/cff7647e-93b0-1c96-109e-dea91230a63e,https://www.lib.u-tokyo.ac.jp/ja/library/contents/archives-top/reuse,https://iiif.dl.itc.u-tokyo.ac.jp/repo/files/medium/d09fec03ca3a4c56a0b3ab4e5c46e13e02fc2ded.jpg,https://iiif.dl.itc.u-tokyo.ac.jp/repo/api/items/533783,"東京大学総合図書館 General Library in the University of Tokyo, JAPAN",http://iiif.io/api/presentation/2#rightToLeftDirection,,測地原稿図,10000025,,https://iiif.dl.itc.u-tokyo.ac.jp/repo/iiif/cff7647e-93b0-1c96-109e-dea91230a63e/manifest,,,,,1
"第4番 自 白川 至 矢吹, 第5番 自 矢吹 至 清水町図",測地原稿図,,伊能忠敬測地原図,いのうただたかそくちげんず,伊能忠敬,写,93枚,A00:4549,http://tify.sub.uni-goettingen.de/demo.html?manifest=https://archdataset.dl.itc.u-tokyo.ac.jp/manifest/f2c3ea81-1462-3963-1747-6692f3cb29fa.json,f2c3ea81-1462-3963-1747-6692f3cb29fa,https://iiif.dl.itc.u-tokyo.ac.jp/repo/s/sokuchigenkozu/,https://iiif.dl.itc.u-tokyo.ac.jp/repo/s/sokuchigenkozu/document/f2c3ea81-1462-3963-1747-6692f3cb29fa,https://www.lib.u-tokyo.ac.jp/ja/library/contents/archives-top/reuse,https://iiif.dl.itc.u-tokyo.ac.jp/repo/files/medium/3cda0670dcaf3109344c49e097728221e6fc8dfa.jpg,https://iiif.dl.itc.u-tokyo.ac.jp/repo/api/items/533784,"東京大学総合図書館 General Library in the University of Tokyo, JAPAN",http://iiif.io/api/presentation/2#rightToLeftDirection,,測地原稿図,10000026,,https://iiif.dl.itc.u-tokyo.ac.jp/repo/iiif/f2c3ea81-1462-3963-1747-6692f3cb29fa/manifest,,,,,1
西国街道 3 自 播磨揖西郡正条 至 備前御野郡岡山,測地原稿図,,伊能忠敬測地原図,いのうただたかそくちげんず,伊能忠敬,写,93枚,A00:4549,http://tify.sub.uni-goettingen.de/demo.html?manifest=https://archdataset.dl.itc.u-tokyo.ac.jp/manifest/053829e7-2a8c-079b-3181-9cd265bf95a5.json,053829e7-2a8c-079b-3181-9cd265bf95a5,https://iiif.dl.itc.u-tokyo.ac.jp/repo/s/sokuchigenkozu/,https://iiif.dl.itc.u-tokyo.ac.jp/repo/s/sokuchigenkozu/document/053829e7-2a8c-079b-3181-9cd265bf95a5,https://www.lib.u-tokyo.ac.jp/ja/library/contents/archives-top/reuse,https://iiif.dl.itc.u-tokyo.ac.jp/repo/files/medium/73dd773d2639981a42f6aeaf73430d38b244bc3c.jpg,https://iiif.dl.itc.u-tokyo.ac.jp/repo/api/items/533785,"東京大学総合図書館 General Library in the University of Tokyo, JAPAN",http://iiif.io/api/presentation/2#rightToLeftDirection,,測地原稿図,10000027,,https://iiif.dl.itc.u-tokyo.ac.jp/repo/iiif/053829e7-2a8c-079b-3181-9cd265bf95a5/manifest,,,,,2
"自 大隅国桑原郡濱市村野尻ヲ歴テ加久藤, 本庄ニ至ル",測地原稿図,,伊能忠敬測地原図,いのうただたかそくちげんず,伊能忠敬,写,93枚,A00:4549,http://tify.sub.uni-goettingen.de/demo.html?manifest=https://archdataset.dl.itc.u-tokyo.ac.jp/manifest/4ac68437-8c91-8042-9c2f-bb50ee060488.json,4ac68437-8c91-8042-9c2f-bb50ee060488,https://iiif.dl.itc.u-tokyo.ac.jp/repo/s/sokuchigenkozu/,https://iiif.dl.itc.u-tokyo.ac.jp/repo/s/sokuchigenkozu/document/4ac68437-8c91-8042-9c2f-bb50ee060488,https://www.lib.u-tokyo.ac.jp/ja/library/contents/archives-top/reuse,https://iiif.dl.itc.u-tokyo.ac.jp/repo/files/medium/62b34215507da3f8cccb4fa402fa5388f0bbe56a.jpg,https://iiif.dl.itc.u-tokyo.ac.jp/repo/api/items/533786,"東京大学総合図書館 General Library in the University of Tokyo, JAPAN",http://iiif.io/api/presentation/2#rightToLeftDirection,,測地原稿図,10000028,,https://iiif.dl.itc.u-tokyo.ac.jp/repo/iiif/4ac68437-8c91-8042-9c2f-bb50ee060488/manifest,,,,,2
"日向本庄村佐土原, 幸州ヲ歴恒冨村ニ至ル",測地原稿図,,伊能忠敬測地原図,いのうただたかそくちげんず,伊能忠敬,写,93枚,A00:4549,http://tify.sub.uni-goettingen.de/demo.html?manifest=https://archdataset.dl.itc.u-tokyo.ac.jp/manifest/f3f2230c-9d58-2bb7-875f-2ec3e4092df2.json,f3f2230c-9d58-2bb7-875f-2ec3e4092df2,https://iiif.dl.itc.u-tokyo.ac.jp/repo/s/sokuchigenkozu/,https://iiif.dl.itc.u-tokyo.ac.jp/repo/s/sokuchigenkozu/document/f3f2230c-9d58-2bb7-875f-2ec3e4092df2,https://www.lib.u-tokyo.ac.jp/ja/library/contents/archives-top/reuse,https://iiif.dl.itc.u-tokyo.ac.jp/repo/files/medium/532c66729b3a47c237786df82d420c7afed5e37d.jpg,https://iiif.dl.itc.u-tokyo.ac.jp/repo/api/items/533787,"東京大学総合図書館 General Library in the University of Tokyo, JAPAN",http://iiif.io/api/presentation/2#rightToLeftDirection,,測地原稿図,10000029,,https://iiif.dl.itc.u-tokyo.ac.jp/repo/iiif/f3f2230c-9d58-2bb7-875f-2ec3e4092df2/manifest,,,,,2
九州第7 日向国 平脇才岩境ヨリ田吉村八手迄,測地原稿図,,伊能忠敬測地原図,いのうただたかそくちげんず,伊能忠敬,写,93枚,A00:4549,http://tify.sub.uni-goettingen.de/demo.html?manifest=https://archdataset.dl.itc.u-tokyo.ac.jp/manifest/04781c89-7280-6c75-3b54-5f93d96d9590.json,04781c89-7280-6c75-3b54-5f93d96d9590,https://iiif.dl.itc.u-tokyo.ac.jp/repo/s/sokuchigenkozu/,https://iiif.dl.itc.u-tokyo.ac.jp/repo/s/sokuchigenkozu/document/04781c89-7280-6c75-3b54-5f93d96d9590,https://www.lib.u-tokyo.ac.jp/ja/library/contents/archives-top/reuse,https://iiif.dl.itc.u-tokyo.ac.jp/repo/files/medium/72c8b5a33f1ac9a6e5f8cab091773c24d9b9e12e.jpg,https://iiif.dl.itc.u-tokyo.ac.jp/repo/api/items/533788,"東京大学総合図書館 General Library in the University of Tokyo, JAPAN",http://iiif.io/api/presentation/2#rightToLeftDirection,,測地原稿図,10000030,,https://iiif.dl.itc.u-tokyo.ac.jp/repo/iiif/04781c89-7280-6c75-3b54-5f93d96d9590/manifest,,,,,2
九州第8 日向 田吉村字八手 至 贄波海北村界,測地原稿図,,伊能忠敬測地原図,いのうただたかそくちげんず,伊能忠敬,写,93枚,A00:4549,http://tify.sub.uni-goettingen.de/demo.html?manifest=https://archdataset.dl.itc.u-tokyo.ac.jp/manifest/2003763f-55a3-9ffa-7684-536a955458c8.json,2003763f-55a3-9ffa-7684-536a955458c8,https://iiif.dl.itc.u-tokyo.ac.jp/repo/s/sokuchigenkozu/,https://iiif.dl.itc.u-tokyo.ac.jp/repo/s/sokuchigenkozu/document/2003763f-55a3-9ffa-7684-536a955458c8,https://www.lib.u-tokyo.ac.jp/ja/library/contents/archives-top/reuse,https://iiif.dl.itc.u-tokyo.ac.jp/repo/files/medium/1c68f15c60ddc0a6faa1c7f0c1d4612dcd52e3f0.jpg,https://iiif.dl.itc.u-tokyo.ac.jp/repo/api/items/533789,"東京大学総合図書館 General Library in the University of Tokyo, JAPAN",http://iiif.io/api/presentation/2#rightToLeftDirection,,測地原稿図,10000031,,https://iiif.dl.itc.u-tokyo.ac.jp/repo/iiif/2003763f-55a3-9ffa-7684-536a955458c8/manifest,,,,,2
九州第12 自 廻村牧場 至 牛ヶ嶺,測地原稿図,,伊能忠敬測地原図,いのうただたかそくちげんず,伊能忠敬,写,93枚,A00:4549,http://tify.sub.uni-goettingen.de/demo.html?manifest=https://archdataset.dl.itc.u-tokyo.ac.jp/manifest/9cfe1650-28b3-8367-61b5-b20ab9ca10d3.json,9cfe1650-28b3-8367-61b5-b20ab9ca10d3,https://iiif.dl.itc.u-tokyo.ac.jp/repo/s/sokuchigenkozu/,https://iiif.dl.itc.u-tokyo.ac.jp/repo/s/sokuchigenkozu/document/9cfe1650-28b3-8367-61b5-b20ab9ca10d3,https://www.lib.u-tokyo.ac.jp/ja/library/contents/archives-top/reuse,https://iiif.dl.itc.u-tokyo.ac.jp/repo/files/medium/286b86e4bc7fe7364a7a578678846de47f009b14.jpg,https://iiif.dl.itc.u-tokyo.ac.jp/repo/api/items/533790,"東京大学総合図書館 General Library in the University of Tokyo, JAPAN",http://iiif.io/api/presentation/2#rightToLeftDirection,,測地原稿図,10000032,,https://iiif.dl.itc.u-tokyo.ac.jp/repo/iiif/9cfe1650-28b3-8367-61b5-b20ab9ca10d3/manifest,,,,,2
九州第13 自 鹿児島城下街道追分 至 御領村,測地原稿図,,伊能忠敬測地原図,いのうただたかそくちげんず,伊能忠敬,写,93枚,A00:4549,http://tify.sub.uni-goettingen.de/demo.html?manifest=https://archdataset.dl.itc.u-tokyo.ac.jp/manifest/a9f0e478-44c6-4a8a-954e-9aacf0bc59c6.json,a9f0e478-44c6-4a8a-954e-9aacf0bc59c6,https://iiif.dl.itc.u-tokyo.ac.jp/repo/s/sokuchigenkozu/,https://iiif.dl.itc.u-tokyo.ac.jp/repo/s/sokuchigenkozu/document/a9f0e478-44c6-4a8a-954e-9aacf0bc59c6,https://www.lib.u-tokyo.ac.jp/ja/library/contents/archives-top/reuse,https://iiif.dl.itc.u-tokyo.ac.jp/repo/files/medium/f91528cb42299522c1e0c77091605d0d1b1978f3.jpg,https://iiif.dl.itc.u-tokyo.ac.jp/repo/api/items/533791,"東京大学総合図書館 General Library in the University of Tokyo, JAPAN",http://iiif.io/api/presentation/2#rightToLeftDirection,,測地原稿図,10000033,,https://iiif.dl.itc.u-tokyo.ac.jp/repo/iiif/a9f0e478-44c6-4a8a-954e-9aacf0bc59c6/manifest,,,,,2
九州14 自 御領村 至 串木野五反川,測地原稿図,,伊能忠敬測地原図,いのうただたかそくちげんず,伊能忠敬,写,93枚,A00:4549,http://tify.sub.uni-goettingen.de/demo.html?manifest=https://archdataset.dl.itc.u-tokyo.ac.jp/manifest/1872793a-16cb-96f4-5d5d-44874d800e1e.json,1872793a-16cb-96f4-5d5d-44874d800e1e,https://iiif.dl.itc.u-tokyo.ac.jp/repo/s/sokuchigenkozu/,https://iiif.dl.itc.u-tokyo.ac.jp/repo/s/sokuchigenkozu/document/1872793a-16cb-96f4-5d5d-44874d800e1e,https://www.lib.u-tokyo.ac.jp/ja/library/contents/archives-top/reuse,https://iiif.dl.itc.u-tokyo.ac.jp/repo/files/medium/a19359dfe2438d7c7508d39071a57504922215c2.jpg,https://iiif.dl.itc.u-tokyo.ac.jp/repo/api/items/533792,"東京大学総合図書館 General Library in the University of Tokyo, JAPAN",http://iiif.io/api/presentation/2#rightToLeftDirection,,測地原稿図,10000034,,https://iiif.dl.itc.u-tokyo.ac.jp/repo/iiif/1872793a-16cb-96f4-5d5d-44874d800e1e/manifest,,,,,2
九州第15 自 串木野五反川 至 薩肥国境,測地原稿図,,伊能忠敬測地原図,いのうただたかそくちげんず,伊能忠敬,写,93枚,A00:4549,http://tify.sub.uni-goettingen.de/demo.html?manifest=https://archdataset.dl.itc.u-tokyo.ac.jp/manifest/c93e2868-3dc1-3f38-81c1-9f9299e742b8.json,c93e2868-3dc1-3f38-81c1-9f9299e742b8,https://iiif.dl.itc.u-tokyo.ac.jp/repo/s/sokuchigenkozu/,https://iiif.dl.itc.u-tokyo.ac.jp/repo/s/sokuchigenkozu/document/c93e2868-3dc1-3f38-81c1-9f9299e742b8,https://www.lib.u-tokyo.ac.jp/ja/library/contents/archives-top/reuse,https://iiif.dl.itc.u-tokyo.ac.jp/repo/files/medium/cf76387deb5d62b6e5c7a690627e6ddc7c634fa5.jpg,https://iiif.dl.itc.u-tokyo.ac.jp/repo/api/items/533793,"東京大学総合図書館 General Library in the University of Tokyo, JAPAN",http://iiif.io/api/presentation/2#rightToLeftDirection,,測地原稿図,10000035,,https://iiif.dl.itc.u-tokyo.ac.jp/repo/iiif/c93e2868-3dc1-3f38-81c1-9f9299e742b8/manifest,,,,,2
九州第17甲 自 下松球ヲ村字段 至 有川村,測地原稿図,,伊能忠敬測地原図,いのうただたかそくちげんず,伊能忠敬,写,93枚,A00:4549,http://tify.sub.uni-goettingen.de/demo.html?manifest=https://archdataset.dl.itc.u-tokyo.ac.jp/manifest/aa5277b2-2a68-564a-4701-407cce1315b9.json,aa5277b2-2a68-564a-4701-407cce1315b9,https://iiif.dl.itc.u-tokyo.ac.jp/repo/s/sokuchigenkozu/,https://iiif.dl.itc.u-tokyo.ac.jp/repo/s/sokuchigenkozu/document/aa5277b2-2a68-564a-4701-407cce1315b9,https://www.lib.u-tokyo.ac.jp/ja/library/contents/archives-top/reuse,https://iiif.dl.itc.u-tokyo.ac.jp/repo/files/medium/2c9acf541b64072ee06fbd550aedc8dd21d2ce8c.jpg,https://iiif.dl.itc.u-tokyo.ac.jp/repo/api/items/533794,"東京大学総合図書館 General Library in the University of Tokyo, JAPAN",http://iiif.io/api/presentation/2#rightToLeftDirection,,測地原稿図,10000036,,https://iiif.dl.itc.u-tokyo.ac.jp/repo/iiif/aa5277b2-2a68-564a-4701-407cce1315b9/manifest,,,,,2
自 美濃不破郡赤坂宿谷汲山ヲ歴テ 至 山県郡岐阜町及厚見郡東鏡島鏡島村境,測地原稿図,,伊能忠敬測地原図,いのうただたかそくちげんず,伊能忠敬,写,93枚,A00:4549,http://tify.sub.uni-goettingen.de/demo.html?manifest=https://archdataset.dl.itc.u-tokyo.ac.jp/manifest/d938b608-1abf-69f9-8a44-69706dde9363.json,d938b608-1abf-69f9-8a44-69706dde9363,https://iiif.dl.itc.u-tokyo.ac.jp/repo/s/sokuchigenkozu/,https://iiif.dl.itc.u-tokyo.ac.jp/repo/s/sokuchigenkozu/document/d938b608-1abf-69f9-8a44-69706dde9363,https://www.lib.u-tokyo.ac.jp/ja/library/contents/archives-top/reuse,https://iiif.dl.itc.u-tokyo.ac.jp/repo/files/medium/966fe3f7f5cf2315b9754e846aff905bce70ecaf.jpg,https://iiif.dl.itc.u-tokyo.ac.jp/repo/api/items/533795,"東京大学総合図書館 General Library in the University of Tokyo, JAPAN",http://iiif.io/api/presentation/2#rightToLeftDirection,,測地原稿図,10000037,,https://iiif.dl.itc.u-tokyo.ac.jp/repo/iiif/d938b608-1abf-69f9-8a44-69706dde9363/manifest,,,,,2
中国第5番,測地原稿図,,伊能忠敬測地原図,いのうただたかそくちげんず,伊能忠敬,写,93枚,A00:4549,http://tify.sub.uni-goettingen.de/demo.html?manifest=https://archdataset.dl.itc.u-tokyo.ac.jp/manifest/65838979-81ec-576b-5db2-0bc138df26aa.json,65838979-81ec-576b-5db2-0bc138df26aa,https://iiif.dl.itc.u-tokyo.ac.jp/repo/s/sokuchigenkozu/,https://iiif.dl.itc.u-tokyo.ac.jp/repo/s/sokuchigenkozu/document/65838979-81ec-576b-5db2-0bc138df26aa,https://www.lib.u-tokyo.ac.jp/ja/library/contents/archives-top/reuse,https://iiif.dl.itc.u-tokyo.ac.jp/repo/files/medium/c02e7257ee49d77ec43afc00827dce5bab537e9c.jpg,https://iiif.dl.itc.u-tokyo.ac.jp/repo/api/items/533796,"東京大学総合図書館 General Library in the University of Tokyo, JAPAN",http://iiif.io/api/presentation/2#rightToLeftDirection,,測地原稿図,10000038,,https://iiif.dl.itc.u-tokyo.ac.jp/repo/iiif/65838979-81ec-576b-5db2-0bc138df26aa/manifest,,,,,1
中国第6番,測地原稿図,,伊能忠敬測地原図,いのうただたかそくちげんず,伊能忠敬,写,93枚,A00:4549,http://tify.sub.uni-goettingen.de/demo.html?manifest=https://archdataset.dl.itc.u-tokyo.ac.jp/manifest/d55ba9e1-8361-6137-24b1-016c78878703.json,d55ba9e1-8361-6137-24b1-016c78878703,https://iiif.dl.itc.u-tokyo.ac.jp/repo/s/sokuchigenkozu/,https://iiif.dl.itc.u-tokyo.ac.jp/repo/s/sokuchigenkozu/document/d55ba9e1-8361-6137-24b1-016c78878703,https://www.lib.u-tokyo.ac.jp/ja/library/contents/archives-top/reuse,https://iiif.dl.itc.u-tokyo.ac.jp/repo/files/medium/1644763ccf0e0a224645ff75d4e9376b251383e3.jpg,https://iiif.dl.itc.u-tokyo.ac.jp/repo/api/items/533797,"東京大学総合図書館 General Library in the University of Tokyo, JAPAN",http://iiif.io/api/presentation/2#rightToLeftDirection,,測地原稿図,10000039,,https://iiif.dl.itc.u-tokyo.ac.jp/repo/iiif/d55ba9e1-8361-6137-24b1-016c78878703/manifest,,,,,1
中国第7番,測地原稿図,,伊能忠敬測地原図,いのうただたかそくちげんず,伊能忠敬,写,93枚,A00:4549,http://tify.sub.uni-goettingen.de/demo.html?manifest=https://archdataset.dl.itc.u-tokyo.ac.jp/manifest/1d7df6f4-145b-7c54-83b5-035c90427359.json,1d7df6f4-145b-7c54-83b5-035c90427359,https://iiif.dl.itc.u-tokyo.ac.jp/repo/s/sokuchigenkozu/,https://iiif.dl.itc.u-tokyo.ac.jp/repo/s/sokuchigenkozu/document/1d7df6f4-145b-7c54-83b5-035c90427359,https://www.lib.u-tokyo.ac.jp/ja/library/contents/archives-top/reuse,https://iiif.dl.itc.u-tokyo.ac.jp/repo/files/medium/3faf5005c8edbf1f3f0776af886d832739dd2eb0.jpg,https://iiif.dl.itc.u-tokyo.ac.jp/repo/api/items/533798,"東京大学総合図書館 General Library in the University of Tokyo, JAPAN",http://iiif.io/api/presentation/2#rightToLeftDirection,,測地原稿図,10000040,,https://iiif.dl.itc.u-tokyo.ac.jp/repo/iiif/1d7df6f4-145b-7c54-83b5-035c90427359/manifest,,,,,1
中国第9番,測地原稿図,,伊能忠敬測地原図,いのうただたかそくちげんず,伊能忠敬,写,93枚,A00:4549,http://tify.sub.uni-goettingen.de/demo.html?manifest=https://archdataset.dl.itc.u-tokyo.ac.jp/manifest/95990629-523a-7921-4215-324413fe2e3a.json,95990629-523a-7921-4215-324413fe2e3a,https://iiif.dl.itc.u-tokyo.ac.jp/repo/s/sokuchigenkozu/,https://iiif.dl.itc.u-tokyo.ac.jp/repo/s/sokuchigenkozu/document/95990629-523a-7921-4215-324413fe2e3a,https://www.lib.u-tokyo.ac.jp/ja/library/contents/archives-top/reuse,https://iiif.dl.itc.u-tokyo.ac.jp/repo/files/medium/7f44fa798e11dfdafc5d370629a50f321ce5a693.jpg,https://iiif.dl.itc.u-tokyo.ac.jp/repo/api/items/533799,"東京大学総合図書館 General Library in the University of Tokyo, JAPAN",http://iiif.io/api/presentation/2#rightToLeftDirection,,測地原稿図,10000041,,https://iiif.dl.itc.u-tokyo.ac.jp/repo/iiif/95990629-523a-7921-4215-324413fe2e3a/manifest,,,,,1
中国第10番,測地原稿図,,伊能忠敬測地原図,いのうただたかそくちげんず,伊能忠敬,写,93枚,A00:4549,http://tify.sub.uni-goettingen.de/demo.html?manifest=https://archdataset.dl.itc.u-tokyo.ac.jp/manifest/7dcc56fc-61f3-106e-11e2-1fbe3da1124e.json,7dcc56fc-61f3-106e-11e2-1fbe3da1124e,https://iiif.dl.itc.u-tokyo.ac.jp/repo/s/sokuchigenkozu/,https://iiif.dl.itc.u-tokyo.ac.jp/repo/s/sokuchigenkozu/document/7dcc56fc-61f3-106e-11e2-1fbe3da1124e,https://www.lib.u-tokyo.ac.jp/ja/library/contents/archives-top/reuse,https://iiif.dl.itc.u-tokyo.ac.jp/repo/files/medium/456a072d783a55f4be0015d2e8f9e4bf51697765.jpg,https://iiif.dl.itc.u-tokyo.ac.jp/repo/api/items/533800,"東京大学総合図書館 General Library in the University of Tokyo, JAPAN",http://iiif.io/api/presentation/2#rightToLeftDirection,,測地原稿図,10000042,,https://iiif.dl.itc.u-tokyo.ac.jp/repo/iiif/7dcc56fc-61f3-106e-11e2-1fbe3da1124e/manifest,,,,,1
中国第11番,測地原稿図,,伊能忠敬測地原図,いのうただたかそくちげんず,伊能忠敬,写,93枚,A00:4549,http://tify.sub.uni-goettingen.de/demo.html?manifest=https://archdataset.dl.itc.u-tokyo.ac.jp/manifest/9cd385e0-99d9-8e18-7b28-dddb54884bc4.json,9cd385e0-99d9-8e18-7b28-dddb54884bc4,https://iiif.dl.itc.u-tokyo.ac.jp/repo/s/sokuchigenkozu/,https://iiif.dl.itc.u-tokyo.ac.jp/repo/s/sokuchigenkozu/document/9cd385e0-99d9-8e18-7b28-dddb54884bc4,https://www.lib.u-tokyo.ac.jp/ja/library/contents/archives-top/reuse,https://iiif.dl.itc.u-tokyo.ac.jp/repo/files/medium/533f7d58934fbaddd0d72ed2134434459beb640e.jpg,https://iiif.dl.itc.u-tokyo.ac.jp/repo/api/items/533801,"東京大学総合図書館 General Library in the University of Tokyo, JAPAN",http://iiif.io/api/presentation/2#rightToLeftDirection,,測地原稿図,10000043,,https://iiif.dl.itc.u-tokyo.ac.jp/repo/iiif/9cd385e0-99d9-8e18-7b28-dddb54884bc4/manifest,,,,,1
中国12番,測地原稿図,,伊能忠敬測地原図,いのうただたかそくちげんず,伊能忠敬,写,93枚,A00:4549,http://tify.sub.uni-goettingen.de/demo.html?manifest=https://archdataset.dl.itc.u-tokyo.ac.jp/manifest/54228905-4145-3425-78c1-567f03507de4.json,54228905-4145-3425-78c1-567f03507de4,https://iiif.dl.itc.u-tokyo.ac.jp/repo/s/sokuchigenkozu/,https://iiif.dl.itc.u-tokyo.ac.jp/repo/s/sokuchigenkozu/document/54228905-4145-3425-78c1-567f03507de4,https://www.lib.u-tokyo.ac.jp/ja/library/contents/archives-top/reuse,https://iiif.dl.itc.u-tokyo.ac.jp/repo/files/medium/aa570418c8e2cfdf18dc24a47c15afa73916e154.jpg,https://iiif.dl.itc.u-tokyo.ac.jp/repo/api/items/533802,"東京大学総合図書館 General Library in the University of Tokyo, JAPAN",http://iiif.io/api/presentation/2#rightToLeftDirection,,測地原稿図,10000044,,https://iiif.dl.itc.u-tokyo.ac.jp/repo/iiif/54228905-4145-3425-78c1-567f03507de4/manifest,,,,,1
中国第13番,測地原稿図,,伊能忠敬測地原図,いのうただたかそくちげんず,伊能忠敬,写,93枚,A00:4549,http://tify.sub.uni-goettingen.de/demo.html?manifest=https://archdataset.dl.itc.u-tokyo.ac.jp/manifest/1ac7f767-1b66-67e7-6697-2a2de86844e9.json,1ac7f767-1b66-67e7-6697-2a2de86844e9,https://iiif.dl.itc.u-tokyo.ac.jp/repo/s/sokuchigenkozu/,https://iiif.dl.itc.u-tokyo.ac.jp/repo/s/sokuchigenkozu/document/1ac7f767-1b66-67e7-6697-2a2de86844e9,https://www.lib.u-tokyo.ac.jp/ja/library/contents/archives-top/reuse,https://iiif.dl.itc.u-tokyo.ac.jp/repo/files/medium/d585fad5540f1348081d76178fb714032ab8b5d1.jpg,https://iiif.dl.itc.u-tokyo.ac.jp/repo/api/items/533803,"東京大学総合図書館 General Library in the University of Tokyo, JAPAN",http://iiif.io/api/presentation/2#rightToLeftDirection,,測地原稿図,10000045,,https://iiif.dl.itc.u-tokyo.ac.jp/repo/iiif/1ac7f767-1b66-67e7-6697-2a2de86844e9/manifest,,,,,1
中国第14番,測地原稿図,,伊能忠敬測地原図,いのうただたかそくちげんず,伊能忠敬,写,93枚,A00:4549,http://tify.sub.uni-goettingen.de/demo.html?manifest=https://archdataset.dl.itc.u-tokyo.ac.jp/manifest/6ab43728-1ef6-125c-6c13-534d0290195e.json,6ab43728-1ef6-125c-6c13-534d0290195e,https://iiif.dl.itc.u-tokyo.ac.jp/repo/s/sokuchigenkozu/,https://iiif.dl.itc.u-tokyo.ac.jp/repo/s/sokuchigenkozu/document/6ab43728-1ef6-125c-6c13-534d0290195e,https://www.lib.u-tokyo.ac.jp/ja/library/contents/archives-top/reuse,https://iiif.dl.itc.u-tokyo.ac.jp/repo/files/medium/cd416c58402838912f877469973313f21485ca97.jpg,https://iiif.dl.itc.u-tokyo.ac.jp/repo/api/items/533804,"東京大学総合図書館 General Library in the University of Tokyo, JAPAN",http://iiif.io/api/presentation/2#rightToLeftDirection,,測地原稿図,10000046,,https://iiif.dl.itc.u-tokyo.ac.jp/repo/iiif/6ab43728-1ef6-125c-6c13-534d0290195e/manifest,,,,,1
中国15番,測地原稿図,,伊能忠敬測地原図,いのうただたかそくちげんず,伊能忠敬,写,93枚,A00:4549,http://tify.sub.uni-goettingen.de/demo.html?manifest=https://archdataset.dl.itc.u-tokyo.ac.jp/manifest/12879a0e-60a6-1eaf-0e6a-fac487f49ce5.json,12879a0e-60a6-1eaf-0e6a-fac487f49ce5,https://iiif.dl.itc.u-tokyo.ac.jp/repo/s/sokuchigenkozu/,https://iiif.dl.itc.u-tokyo.ac.jp/repo/s/sokuchigenkozu/document/12879a0e-60a6-1eaf-0e6a-fac487f49ce5,https://www.lib.u-tokyo.ac.jp/ja/library/contents/archives-top/reuse,https://iiif.dl.itc.u-tokyo.ac.jp/repo/files/medium/59b542f6cceaa3bd68e6d5ffb3994e20129cdc8c.jpg,https://iiif.dl.itc.u-tokyo.ac.jp/repo/api/items/533805,"東京大学総合図書館 General Library in the University of Tokyo, JAPAN",http://iiif.io/api/presentation/2#rightToLeftDirection,,測地原稿図,10000047,,https://iiif.dl.itc.u-tokyo.ac.jp/repo/iiif/12879a0e-60a6-1eaf-0e6a-fac487f49ce5/manifest,,,,,1
中国第16番,測地原稿図,,伊能忠敬測地原図,いのうただたかそくちげんず,伊能忠敬,写,93枚,A00:4549,http://tify.sub.uni-goettingen.de/demo.html?manifest=https://archdataset.dl.itc.u-tokyo.ac.jp/manifest/248668c6-50c2-1b90-a558-918849c140a0.json,248668c6-50c2-1b90-a558-918849c140a0,https://iiif.dl.itc.u-tokyo.ac.jp/repo/s/sokuchigenkozu/,https://iiif.dl.itc.u-tokyo.ac.jp/repo/s/sokuchigenkozu/document/248668c6-50c2-1b90-a558-918849c140a0,https://www.lib.u-tokyo.ac.jp/ja/library/contents/archives-top/reuse,https://iiif.dl.itc.u-tokyo.ac.jp/repo/files/medium/8aa49ec71ab8ec6bf965f36e5ec664c829400e46.jpg,https://iiif.dl.itc.u-tokyo.ac.jp/repo/api/items/533806,"東京大学総合図書館 General Library in the University of Tokyo, JAPAN",http://iiif.io/api/presentation/2#rightToLeftDirection,,測地原稿図,10000048,,https://iiif.dl.itc.u-tokyo.ac.jp/repo/iiif/248668c6-50c2-1b90-a558-918849c140a0/manifest,,,,,1
中国第17番,測地原稿図,,伊能忠敬測地原図,いのうただたかそくちげんず,伊能忠敬,写,93枚,A00:4549,http://tify.sub.uni-goettingen.de/demo.html?manifest=https://archdataset.dl.itc.u-tokyo.ac.jp/manifest/08314ea5-1be0-5a1b-9bcf-09c51b240ffd.json,08314ea5-1be0-5a1b-9bcf-09c51b240ffd,https://iiif.dl.itc.u-tokyo.ac.jp/repo/s/sokuchigenkozu/,https://iiif.dl.itc.u-tokyo.ac.jp/repo/s/sokuchigenkozu/document/08314ea5-1be0-5a1b-9bcf-09c51b240ffd,https://www.lib.u-tokyo.ac.jp/ja/library/contents/archives-top/reuse,https://iiif.dl.itc.u-tokyo.ac.jp/repo/files/medium/e32ef939b5a1c83424ac28a0c38dc025f9244dcc.jpg,https://iiif.dl.itc.u-tokyo.ac.jp/repo/api/items/533807,"東京大学総合図書館 General Library in the University of Tokyo, JAPAN",http://iiif.io/api/presentation/2#rightToLeftDirection,,測地原稿図,10000049,,https://iiif.dl.itc.u-tokyo.ac.jp/repo/iiif/08314ea5-1be0-5a1b-9bcf-09c51b240ffd/manifest,,,,,1
中国第18番,測地原稿図,,伊能忠敬測地原図,いのうただたかそくちげんず,伊能忠敬,写,93枚,A00:4549,http://tify.sub.uni-goettingen.de/demo.html?manifest=https://archdataset.dl.itc.u-tokyo.ac.jp/manifest/9a90cecc-0f65-a5f4-5e0d-2fae249057fb.json,9a90cecc-0f65-a5f4-5e0d-2fae249057fb,https://iiif.dl.itc.u-tokyo.ac.jp/repo/s/sokuchigenkozu/,https://iiif.dl.itc.u-tokyo.ac.jp/repo/s/sokuchigenkozu/document/9a90cecc-0f65-a5f4-5e0d-2fae249057fb,https://www.lib.u-tokyo.ac.jp/ja/library/contents/archives-top/reuse,https://iiif.dl.itc.u-tokyo.ac.jp/repo/files/medium/2788e0575dc941e1c981cef3fe8f7f1e3c7a94a0.jpg,https://iiif.dl.itc.u-tokyo.ac.jp/repo/api/items/533808,"東京大学総合図書館 General Library in the University of Tokyo, JAPAN",http://iiif.io/api/presentation/2#rightToLeftDirection,,測地原稿図,10000050,,https://iiif.dl.itc.u-tokyo.ac.jp/repo/iiif/9a90cecc-0f65-a5f4-5e0d-2fae249057fb/manifest,,,,,1
中国19番,測地原稿図,,伊能忠敬測地原図,いのうただたかそくちげんず,伊能忠敬,写,93枚,A00:4549,http://tify.sub.uni-goettingen.de/demo.html?manifest=https://archdataset.dl.itc.u-tokyo.ac.jp/manifest/e0834548-a0f6-7b1f-3fc5-949c2ff374fd.json,e0834548-a0f6-7b1f-3fc5-949c2ff374fd,https://iiif.dl.itc.u-tokyo.ac.jp/repo/s/sokuchigenkozu/,https://iiif.dl.itc.u-tokyo.ac.jp/repo/s/sokuchigenkozu/document/e0834548-a0f6-7b1f-3fc5-949c2ff374fd,https://www.lib.u-tokyo.ac.jp/ja/library/contents/archives-top/reuse,https://iiif.dl.itc.u-tokyo.ac.jp/repo/files/medium/39a1f8da8a34b8e2cb26f55b743afd427b129094.jpg,https://iiif.dl.itc.u-tokyo.ac.jp/repo/api/items/533809,"東京大学総合図書館 General Library in the University of Tokyo, JAPAN",http://iiif.io/api/presentation/2#rightToLeftDirection,,測地原稿図,10000051,,https://iiif.dl.itc.u-tokyo.ac.jp/repo/iiif/e0834548-a0f6-7b1f-3fc5-949c2ff374fd/manifest,,,,,1
中国23番,測地原稿図,,伊能忠敬測地原図,いのうただたかそくちげんず,伊能忠敬,写,93枚,A00:4549,http://tify.sub.uni-goettingen.de/demo.html?manifest=https://archdataset.dl.itc.u-tokyo.ac.jp/manifest/08901ba3-64ce-7293-1703-e4fc4e955c7b.json,08901ba3-64ce-7293-1703-e4fc4e955c7b,https://iiif.dl.itc.u-tokyo.ac.jp/repo/s/sokuchigenkozu/,https://iiif.dl.itc.u-tokyo.ac.jp/repo/s/sokuchigenkozu/document/08901ba3-64ce-7293-1703-e4fc4e955c7b,https://www.lib.u-tokyo.ac.jp/ja/library/contents/archives-top/reuse,https://iiif.dl.itc.u-tokyo.ac.jp/repo/files/medium/6c953d63746764a9087f5a2c1bbc8efc9a6bcc7e.jpg,https://iiif.dl.itc.u-tokyo.ac.jp/repo/api/items/533810,"東京大学総合図書館 General Library in the University of Tokyo, JAPAN",http://iiif.io/api/presentation/2#rightToLeftDirection,,測地原稿図,10000052,,https://iiif.dl.itc.u-tokyo.ac.jp/repo/iiif/08901ba3-64ce-7293-1703-e4fc4e955c7b/manifest,,,,,1
中国27番,測地原稿図,,伊能忠敬測地原図,いのうただたかそくちげんず,伊能忠敬,写,93枚,A00:4549,http://tify.sub.uni-goettingen.de/demo.html?manifest=https://archdataset.dl.itc.u-tokyo.ac.jp/manifest/2638742c-1cc1-8e30-8bf4-9bbf3dd77783.json,2638742c-1cc1-8e30-8bf4-9bbf3dd77783,https://iiif.dl.itc.u-tokyo.ac.jp/repo/s/sokuchigenkozu/,https://iiif.dl.itc.u-tokyo.ac.jp/repo/s/sokuchigenkozu/document/2638742c-1cc1-8e30-8bf4-9bbf3dd77783,https://www.lib.u-tokyo.ac.jp/ja/library/contents/archives-top/reuse,https://iiif.dl.itc.u-tokyo.ac.jp/repo/files/medium/cbef7c1b02d0f1987688f8247e5fc368ce79d9e4.jpg,https://iiif.dl.itc.u-tokyo.ac.jp/repo/api/items/533811,"東京大学総合図書館 General Library in the University of Tokyo, JAPAN",http://iiif.io/api/presentation/2#rightToLeftDirection,,測地原稿図,10000053,,https://iiif.dl.itc.u-tokyo.ac.jp/repo/iiif/2638742c-1cc1-8e30-8bf4-9bbf3dd77783/manifest,,,,,1
中国28番,測地原稿図,,伊能忠敬測地原図,いのうただたかそくちげんず,伊能忠敬,写,93枚,A00:4549,http://tify.sub.uni-goettingen.de/demo.html?manifest=https://archdataset.dl.itc.u-tokyo.ac.jp/manifest/9f730109-4c30-778a-0a70-cda4fd4b4cb1.json,9f730109-4c30-778a-0a70-cda4fd4b4cb1,https://iiif.dl.itc.u-tokyo.ac.jp/repo/s/sokuchigenkozu/,https://iiif.dl.itc.u-tokyo.ac.jp/repo/s/sokuchigenkozu/document/9f730109-4c30-778a-0a70-cda4fd4b4cb1,https://www.lib.u-tokyo.ac.jp/ja/library/contents/archives-top/reuse,https://iiif.dl.itc.u-tokyo.ac.jp/repo/files/medium/6d6a2358ad99547cf701befa761577f2aa8b90d3.jpg,https://iiif.dl.itc.u-tokyo.ac.jp/repo/api/items/533812,"東京大学総合図書館 General Library in the University of Tokyo, JAPAN",http://iiif.io/api/presentation/2#rightToLeftDirection,,測地原稿図,10000054,,https://iiif.dl.itc.u-tokyo.ac.jp/repo/iiif/9f730109-4c30-778a-0a70-cda4fd4b4cb1/manifest,,,,,1
中国29番,測地原稿図,,伊能忠敬測地原図,いのうただたかそくちげんず,伊能忠敬,写,93枚,A00:4549,http://tify.sub.uni-goettingen.de/demo.html?manifest=https://archdataset.dl.itc.u-tokyo.ac.jp/manifest/b50add2e-9cf8-4e80-6d7c-385a482c1d0f.json,b50add2e-9cf8-4e80-6d7c-385a482c1d0f,https://iiif.dl.itc.u-tokyo.ac.jp/repo/s/sokuchigenkozu/,https://iiif.dl.itc.u-tokyo.ac.jp/repo/s/sokuchigenkozu/document/b50add2e-9cf8-4e80-6d7c-385a482c1d0f,https://www.lib.u-tokyo.ac.jp/ja/library/contents/archives-top/reuse,https://iiif.dl.itc.u-tokyo.ac.jp/repo/files/medium/9eb2b1fbef9337d5aeb91d762385272d9a43029a.jpg,https://iiif.dl.itc.u-tokyo.ac.jp/repo/api/items/533813,"東京大学総合図書館 General Library in the University of Tokyo, JAPAN",http://iiif.io/api/presentation/2#rightToLeftDirection,,測地原稿図,10000055,,https://iiif.dl.itc.u-tokyo.ac.jp/repo/iiif/b50add2e-9cf8-4e80-6d7c-385a482c1d0f/manifest,,,,,1
中国31番,測地原稿図,,伊能忠敬測地原図,いのうただたかそくちげんず,伊能忠敬,写,93枚,A00:4549,http://tify.sub.uni-goettingen.de/demo.html?manifest=https://archdataset.dl.itc.u-tokyo.ac.jp/manifest/a48739d6-5abb-3d54-0779-14cf9ab85764.json,a48739d6-5abb-3d54-0779-14cf9ab85764,https://iiif.dl.itc.u-tokyo.ac.jp/repo/s/sokuchigenkozu/,https://iiif.dl.itc.u-tokyo.ac.jp/repo/s/sokuchigenkozu/document/a48739d6-5abb-3d54-0779-14cf9ab85764,https://www.lib.u-tokyo.ac.jp/ja/library/contents/archives-top/reuse,https://iiif.dl.itc.u-tokyo.ac.jp/repo/files/medium/a69ecf669f5747d96f418cf688064fe867406352.jpg,https://iiif.dl.itc.u-tokyo.ac.jp/repo/api/items/533814,"東京大学総合図書館 General Library in the University of Tokyo, JAPAN",http://iiif.io/api/presentation/2#rightToLeftDirection,,測地原稿図,10000056,,https://iiif.dl.itc.u-tokyo.ac.jp/repo/iiif/a48739d6-5abb-3d54-0779-14cf9ab85764/manifest,,,,,1
52番,測地原稿図,,伊能忠敬測地原図,いのうただたかそくちげんず,伊能忠敬,写,93枚,A00:4549,http://tify.sub.uni-goettingen.de/demo.html?manifest=https://archdataset.dl.itc.u-tokyo.ac.jp/manifest/75bedba5-7b1d-31fc-15be-b4a1a2c56171.json,75bedba5-7b1d-31fc-15be-b4a1a2c56171,https://iiif.dl.itc.u-tokyo.ac.jp/repo/s/sokuchigenkozu/,https://iiif.dl.itc.u-tokyo.ac.jp/repo/s/sokuchigenkozu/document/75bedba5-7b1d-31fc-15be-b4a1a2c56171,https://www.lib.u-tokyo.ac.jp/ja/library/contents/archives-top/reuse,https://iiif.dl.itc.u-tokyo.ac.jp/repo/files/medium/185593ac5e1bf915d83ef9c487264efd054812fd.jpg,https://iiif.dl.itc.u-tokyo.ac.jp/repo/api/items/533815,"東京大学総合図書館 General Library in the University of Tokyo, JAPAN",http://iiif.io/api/presentation/2#rightToLeftDirection,,測地原稿図,10000057,,https://iiif.dl.itc.u-tokyo.ac.jp/repo/iiif/75bedba5-7b1d-31fc-15be-b4a1a2c56171/manifest,,,,,2
55番,測地原稿図,,伊能忠敬測地原図,いのうただたかそくちげんず,伊能忠敬,写,93枚,A00:4549,http://tify.sub.uni-goettingen.de/demo.html?manifest=https://archdataset.dl.itc.u-tokyo.ac.jp/manifest/cd181886-57c3-276c-2d0e-1417026a5c00.json,cd181886-57c3-276c-2d0e-1417026a5c00,https://iiif.dl.itc.u-tokyo.ac.jp/repo/s/sokuchigenkozu/,https://iiif.dl.itc.u-tokyo.ac.jp/repo/s/sokuchigenkozu/document/cd181886-57c3-276c-2d0e-1417026a5c00,https://www.lib.u-tokyo.ac.jp/ja/library/contents/archives-top/reuse,https://iiif.dl.itc.u-tokyo.ac.jp/repo/files/medium/6784541ff451e487485ab0bff08ae06904ab6ed7.jpg,https://iiif.dl.itc.u-tokyo.ac.jp/repo/api/items/533816,"東京大学総合図書館 General Library in the University of Tokyo, JAPAN",http://iiif.io/api/presentation/2#rightToLeftDirection,,測地原稿図,10000058,,https://iiif.dl.itc.u-tokyo.ac.jp/repo/iiif/cd181886-57c3-276c-2d0e-1417026a5c00/manifest,,,,,2
58番,測地原稿図,,伊能忠敬測地原図,いのうただたかそくちげんず,伊能忠敬,写,93枚,A00:4549,http://tify.sub.uni-goettingen.de/demo.html?manifest=https://archdataset.dl.itc.u-tokyo.ac.jp/manifest/3b6bf159-46cb-0328-36bc-1860e2bf5e2b.json,3b6bf159-46cb-0328-36bc-1860e2bf5e2b,https://iiif.dl.itc.u-tokyo.ac.jp/repo/s/sokuchigenkozu/,https://iiif.dl.itc.u-tokyo.ac.jp/repo/s/sokuchigenkozu/document/3b6bf159-46cb-0328-36bc-1860e2bf5e2b,https://www.lib.u-tokyo.ac.jp/ja/library/contents/archives-top/reuse,https://iiif.dl.itc.u-tokyo.ac.jp/repo/files/medium/51cd660fb83d0d658cc6c3df453a4b8af7180d30.jpg,https://iiif.dl.itc.u-tokyo.ac.jp/repo/api/items/533817,"東京大学総合図書館 General Library in the University of Tokyo, JAPAN",http://iiif.io/api/presentation/2#rightToLeftDirection,,測地原稿図,10000059,,https://iiif.dl.itc.u-tokyo.ac.jp/repo/iiif/3b6bf159-46cb-0328-36bc-1860e2bf5e2b/manifest,,,,,2
58番属,測地原稿図,,伊能忠敬測地原図,いのうただたかそくちげんず,伊能忠敬,写,93枚,A00:4549,http://tify.sub.uni-goettingen.de/demo.html?manifest=https://archdataset.dl.itc.u-tokyo.ac.jp/manifest/7564e3ba-41f4-97f3-608c-7b8e524e4f09.json,7564e3ba-41f4-97f3-608c-7b8e524e4f09,https://iiif.dl.itc.u-tokyo.ac.jp/repo/s/sokuchigenkozu/,https://iiif.dl.itc.u-tokyo.ac.jp/repo/s/sokuchigenkozu/document/7564e3ba-41f4-97f3-608c-7b8e524e4f09,https://www.lib.u-tokyo.ac.jp/ja/library/contents/archives-top/reuse,https://iiif.dl.itc.u-tokyo.ac.jp/repo/files/medium/fe7f4323b6201e881c395bd932cfddf600bd3c49.jpg,https://iiif.dl.itc.u-tokyo.ac.jp/repo/api/items/533818,"東京大学総合図書館 General Library in the University of Tokyo, JAPAN",http://iiif.io/api/presentation/2#rightToLeftDirection,,測地原稿図,10000060,,https://iiif.dl.itc.u-tokyo.ac.jp/repo/iiif/7564e3ba-41f4-97f3-608c-7b8e524e4f09/manifest,,,,,2
59番,測地原稿図,,伊能忠敬測地原図,いのうただたかそくちげんず,伊能忠敬,写,93枚,A00:4549,http://tify.sub.uni-goettingen.de/demo.html?manifest=https://archdataset.dl.itc.u-tokyo.ac.jp/manifest/b840752a-a204-65df-68c2-cc310f205a8e.json,b840752a-a204-65df-68c2-cc310f205a8e,https://iiif.dl.itc.u-tokyo.ac.jp/repo/s/sokuchigenkozu/,https://iiif.dl.itc.u-tokyo.ac.jp/repo/s/sokuchigenkozu/document/b840752a-a204-65df-68c2-cc310f205a8e,https://www.lib.u-tokyo.ac.jp/ja/library/contents/archives-top/reuse,https://iiif.dl.itc.u-tokyo.ac.jp/repo/files/medium/d709464f2394742745a3effdb738e816ba58beee.jpg,https://iiif.dl.itc.u-tokyo.ac.jp/repo/api/items/533819,"東京大学総合図書館 General Library in the University of Tokyo, JAPAN",http://iiif.io/api/presentation/2#rightToLeftDirection,,測地原稿図,10000061,,https://iiif.dl.itc.u-tokyo.ac.jp/repo/iiif/b840752a-a204-65df-68c2-cc310f205a8e/manifest,,,,,2
65番,測地原稿図,,伊能忠敬測地原図,いのうただたかそくちげんず,伊能忠敬,写,93枚,A00:4549,http://tify.sub.uni-goettingen.de/demo.html?manifest=https://archdataset.dl.itc.u-tokyo.ac.jp/manifest/c9d00e33-76ea-a419-3f44-3bd087c8a560.json,c9d00e33-76ea-a419-3f44-3bd087c8a560,https://iiif.dl.itc.u-tokyo.ac.jp/repo/s/sokuchigenkozu/,https://iiif.dl.itc.u-tokyo.ac.jp/repo/s/sokuchigenkozu/document/c9d00e33-76ea-a419-3f44-3bd087c8a560,https://www.lib.u-tokyo.ac.jp/ja/library/contents/archives-top/reuse,https://iiif.dl.itc.u-tokyo.ac.jp/repo/files/medium/d5199e7e87c4e08c51c2eb1cdd818671d1ce419a.jpg,https://iiif.dl.itc.u-tokyo.ac.jp/repo/api/items/533820,"東京大学総合図書館 General Library in the University of Tokyo, JAPAN",http://iiif.io/api/presentation/2#rightToLeftDirection,,測地原稿図,10000062,,https://iiif.dl.itc.u-tokyo.ac.jp/repo/iiif/c9d00e33-76ea-a419-3f44-3bd087c8a560/manifest,,,,,2
66番,測地原稿図,,伊能忠敬測地原図,いのうただたかそくちげんず,伊能忠敬,写,93枚,A00:4549,http://tify.sub.uni-goettingen.de/demo.html?manifest=https://archdataset.dl.itc.u-tokyo.ac.jp/manifest/d7ab22f9-773f-36f7-085d-3397c1a4362f.json,d7ab22f9-773f-36f7-085d-3397c1a4362f,https://iiif.dl.itc.u-tokyo.ac.jp/repo/s/sokuchigenkozu/,https://iiif.dl.itc.u-tokyo.ac.jp/repo/s/sokuchigenkozu/document/d7ab22f9-773f-36f7-085d-3397c1a4362f,https://www.lib.u-tokyo.ac.jp/ja/library/contents/archives-top/reuse,https://iiif.dl.itc.u-tokyo.ac.jp/repo/files/medium/b6a968649ce5e92326e461ec4383db84bf1d61b0.jpg,https://iiif.dl.itc.u-tokyo.ac.jp/repo/api/items/533821,"東京大学総合図書館 General Library in the University of Tokyo, JAPAN",http://iiif.io/api/presentation/2#rightToLeftDirection,,測地原稿図,10000063,,https://iiif.dl.itc.u-tokyo.ac.jp/repo/iiif/d7ab22f9-773f-36f7-085d-3397c1a4362f/manifest,,,,,2
70番,測地原稿図,,伊能忠敬測地原図,いのうただたかそくちげんず,伊能忠敬,写,93枚,A00:4549,http://tify.sub.uni-goettingen.de/demo.html?manifest=https://archdataset.dl.itc.u-tokyo.ac.jp/manifest/05ec4eaf-700f-1568-247f-e938c63030d2.json,05ec4eaf-700f-1568-247f-e938c63030d2,https://iiif.dl.itc.u-tokyo.ac.jp/repo/s/sokuchigenkozu/,https://iiif.dl.itc.u-tokyo.ac.jp/repo/s/sokuchigenkozu/document/05ec4eaf-700f-1568-247f-e938c63030d2,https://www.lib.u-tokyo.ac.jp/ja/library/contents/archives-top/reuse,https://iiif.dl.itc.u-tokyo.ac.jp/repo/files/medium/97195f41b32efc3dd4765fb72ad5eacdbd743f30.jpg,https://iiif.dl.itc.u-tokyo.ac.jp/repo/api/items/533822,"東京大学総合図書館 General Library in the University of Tokyo, JAPAN",http://iiif.io/api/presentation/2#rightToLeftDirection,,測地原稿図,10000064,,https://iiif.dl.itc.u-tokyo.ac.jp/repo/iiif/05ec4eaf-700f-1568-247f-e938c63030d2/manifest,,,,,2
72番,測地原稿図,,伊能忠敬測地原図,いのうただたかそくちげんず,伊能忠敬,写,93枚,A00:4549,http://tify.sub.uni-goettingen.de/demo.html?manifest=https://archdataset.dl.itc.u-tokyo.ac.jp/manifest/4056c19f-0495-a797-3f31-d1206b137cc4.json,4056c19f-0495-a797-3f31-d1206b137cc4,https://iiif.dl.itc.u-tokyo.ac.jp/repo/s/sokuchigenkozu/,https://iiif.dl.itc.u-tokyo.ac.jp/repo/s/sokuchigenkozu/document/4056c19f-0495-a797-3f31-d1206b137cc4,https://www.lib.u-tokyo.ac.jp/ja/library/contents/archives-top/reuse,https://iiif.dl.itc.u-tokyo.ac.jp/repo/files/medium/40674b02449535899c3a2b7e934773a3ed292ad1.jpg,https://iiif.dl.itc.u-tokyo.ac.jp/repo/api/items/533823,"東京大学総合図書館 General Library in the University of Tokyo, JAPAN",http://iiif.io/api/presentation/2#rightToLeftDirection,,測地原稿図,10000065,,https://iiif.dl.itc.u-tokyo.ac.jp/repo/iiif/4056c19f-0495-a797-3f31-d1206b137cc4/manifest,,,,,2
75番上,測地原稿図,,伊能忠敬測地原図,いのうただたかそくちげんず,伊能忠敬,写,93枚,A00:4549,http://tify.sub.uni-goettingen.de/demo.html?manifest=https://archdataset.dl.itc.u-tokyo.ac.jp/manifest/25870962-112e-7e74-a06f-80f7db8b4be9.json,25870962-112e-7e74-a06f-80f7db8b4be9,https://iiif.dl.itc.u-tokyo.ac.jp/repo/s/sokuchigenkozu/,https://iiif.dl.itc.u-tokyo.ac.jp/repo/s/sokuchigenkozu/document/25870962-112e-7e74-a06f-80f7db8b4be9,https://www.lib.u-tokyo.ac.jp/ja/library/contents/archives-top/reuse,https://iiif.dl.itc.u-tokyo.ac.jp/repo/files/medium/37ffefc40d4d037617d46716a9f12f6b6e97407d.jpg,https://iiif.dl.itc.u-tokyo.ac.jp/repo/api/items/533824,"東京大学総合図書館 General Library in the University of Tokyo, JAPAN",http://iiif.io/api/presentation/2#rightToLeftDirection,,測地原稿図,10000066,,https://iiif.dl.itc.u-tokyo.ac.jp/repo/iiif/25870962-112e-7e74-a06f-80f7db8b4be9/manifest,,,,,1
75番下属,測地原稿図,,伊能忠敬測地原図,いのうただたかそくちげんず,伊能忠敬,写,93枚,A00:4549,http://tify.sub.uni-goettingen.de/demo.html?manifest=https://archdataset.dl.itc.u-tokyo.ac.jp/manifest/3957e247-27be-0ab1-a0d2-041e50263235.json,3957e247-27be-0ab1-a0d2-041e50263235,https://iiif.dl.itc.u-tokyo.ac.jp/repo/s/sokuchigenkozu/,https://iiif.dl.itc.u-tokyo.ac.jp/repo/s/sokuchigenkozu/document/3957e247-27be-0ab1-a0d2-041e50263235,https://www.lib.u-tokyo.ac.jp/ja/library/contents/archives-top/reuse,https://iiif.dl.itc.u-tokyo.ac.jp/repo/files/medium/5b1ea6e34785bc7541f1921ce9498aecf7be00ef.jpg,https://iiif.dl.itc.u-tokyo.ac.jp/repo/api/items/533825,"東京大学総合図書館 General Library in the University of Tokyo, JAPAN",http://iiif.io/api/presentation/2#rightToLeftDirection,,測地原稿図,10000067,,https://iiif.dl.itc.u-tokyo.ac.jp/repo/iiif/3957e247-27be-0ab1-a0d2-041e50263235/manifest,,,,,1
87番,測地原稿図,,伊能忠敬測地原図,いのうただたかそくちげんず,伊能忠敬,写,93枚,A00:4549,http://tify.sub.uni-goettingen.de/demo.html?manifest=https://archdataset.dl.itc.u-tokyo.ac.jp/manifest/6620e99a-0352-5444-1048-a5f8b98e8235.json,6620e99a-0352-5444-1048-a5f8b98e8235,https://iiif.dl.itc.u-tokyo.ac.jp/repo/s/sokuchigenkozu/,https://iiif.dl.itc.u-tokyo.ac.jp/repo/s/sokuchigenkozu/document/6620e99a-0352-5444-1048-a5f8b98e8235,https://www.lib.u-tokyo.ac.jp/ja/library/contents/archives-top/reuse,https://iiif.dl.itc.u-tokyo.ac.jp/repo/files/medium/148a3002793567fa8cd58bb600866b649771e80b.jpg,https://iiif.dl.itc.u-tokyo.ac.jp/repo/api/items/533826,"東京大学総合図書館 General Library in the University of Tokyo, JAPAN",http://iiif.io/api/presentation/2#rightToLeftDirection,,測地原稿図,10000068,,https://iiif.dl.itc.u-tokyo.ac.jp/repo/iiif/6620e99a-0352-5444-1048-a5f8b98e8235/manifest,,,,,1
88番,測地原稿図,,伊能忠敬測地原図,いのうただたかそくちげんず,伊能忠敬,写,93枚,A00:4549,http://tify.sub.uni-goettingen.de/demo.html?manifest=https://archdataset.dl.itc.u-tokyo.ac.jp/manifest/eec35f9a-57e0-06d7-8d66-9677b8ac08af.json,eec35f9a-57e0-06d7-8d66-9677b8ac08af,https://iiif.dl.itc.u-tokyo.ac.jp/repo/s/sokuchigenkozu/,https://iiif.dl.itc.u-tokyo.ac.jp/repo/s/sokuchigenkozu/document/eec35f9a-57e0-06d7-8d66-9677b8ac08af,https://www.lib.u-tokyo.ac.jp/ja/library/contents/archives-top/reuse,https://iiif.dl.itc.u-tokyo.ac.jp/repo/files/medium/7ad50fc2b268da46f70dc0ba51ef0f1d218f1887.jpg,https://iiif.dl.itc.u-tokyo.ac.jp/repo/api/items/533827,"東京大学総合図書館 General Library in the University of Tokyo, JAPAN",http://iiif.io/api/presentation/2#rightToLeftDirection,,測地原稿図,10000069,,https://iiif.dl.itc.u-tokyo.ac.jp/repo/iiif/eec35f9a-57e0-06d7-8d66-9677b8ac08af/manifest,,,,,1
89番,測地原稿図,,伊能忠敬測地原図,いのうただたかそくちげんず,伊能忠敬,写,93枚,A00:4549,http://tify.sub.uni-goettingen.de/demo.html?manifest=https://archdataset.dl.itc.u-tokyo.ac.jp/manifest/ebe69498-7390-234d-481e-637d73926ff5.json,ebe69498-7390-234d-481e-637d73926ff5,https://iiif.dl.itc.u-tokyo.ac.jp/repo/s/sokuchigenkozu/,https://iiif.dl.itc.u-tokyo.ac.jp/repo/s/sokuchigenkozu/document/ebe69498-7390-234d-481e-637d73926ff5,https://www.lib.u-tokyo.ac.jp/ja/library/contents/archives-top/reuse,https://iiif.dl.itc.u-tokyo.ac.jp/repo/files/medium/5c23db4e635617c4023d9eb83d3b92c7d8f099b7.jpg,https://iiif.dl.itc.u-tokyo.ac.jp/repo/api/items/533828,"東京大学総合図書館 General Library in the University of Tokyo, JAPAN",http://iiif.io/api/presentation/2#rightToLeftDirection,,測地原稿図,10000070,,https://iiif.dl.itc.u-tokyo.ac.jp/repo/iiif/ebe69498-7390-234d-481e-637d73926ff5/manifest,,,,,1
98番,測地原稿図,,伊能忠敬測地原図,いのうただたかそくちげんず,伊能忠敬,写,93枚,A00:4549,http://tify.sub.uni-goettingen.de/demo.html?manifest=https://archdataset.dl.itc.u-tokyo.ac.jp/manifest/0c01d6ca-5751-8947-8143-fcf0ee3d18f1.json,0c01d6ca-5751-8947-8143-fcf0ee3d18f1,https://iiif.dl.itc.u-tokyo.ac.jp/repo/s/sokuchigenkozu/,https://iiif.dl.itc.u-tokyo.ac.jp/repo/s/sokuchigenkozu/document/0c01d6ca-5751-8947-8143-fcf0ee3d18f1,https://www.lib.u-tokyo.ac.jp/ja/library/contents/archives-top/reuse,https://iiif.dl.itc.u-tokyo.ac.jp/repo/files/medium/cfbd4f75e69fff9c10dd19873c812afcf2ceb434.jpg,https://iiif.dl.itc.u-tokyo.ac.jp/repo/api/items/533829,"東京大学総合図書館 General Library in the University of Tokyo, JAPAN",http://iiif.io/api/presentation/2#rightToLeftDirection,,測地原稿図,10000071,,https://iiif.dl.itc.u-tokyo.ac.jp/repo/iiif/0c01d6ca-5751-8947-8143-fcf0ee3d18f1/manifest,,,,,1
100番,測地原稿図,,伊能忠敬測地原図,いのうただたかそくちげんず,伊能忠敬,写,93枚,A00:4549,http://tify.sub.uni-goettingen.de/demo.html?manifest=https://archdataset.dl.itc.u-tokyo.ac.jp/manifest/440cf55b-033f-a5e6-9749-3e4b20a82b9f.json,440cf55b-033f-a5e6-9749-3e4b20a82b9f,https://iiif.dl.itc.u-tokyo.ac.jp/repo/s/sokuchigenkozu/,https://iiif.dl.itc.u-tokyo.ac.jp/repo/s/sokuchigenkozu/document/440cf55b-033f-a5e6-9749-3e4b20a82b9f,https://www.lib.u-tokyo.ac.jp/ja/library/contents/archives-top/reuse,https://iiif.dl.itc.u-tokyo.ac.jp/repo/files/medium/af4bf8295850395290742a26ca8205dff680e4c4.jpg,https://iiif.dl.itc.u-tokyo.ac.jp/repo/api/items/533830,"東京大学総合図書館 General Library in the University of Tokyo, JAPAN",http://iiif.io/api/presentation/2#rightToLeftDirection,,測地原稿図,10000072,,https://iiif.dl.itc.u-tokyo.ac.jp/repo/iiif/440cf55b-033f-a5e6-9749-3e4b20a82b9f/manifest,,,,,1
101番,測地原稿図,,伊能忠敬測地原図,いのうただたかそくちげんず,伊能忠敬,写,93枚,A00:4549,http://tify.sub.uni-goettingen.de/demo.html?manifest=https://archdataset.dl.itc.u-tokyo.ac.jp/manifest/f394d6ee-28b2-8e7e-0980-95fbb11e50c8.json,f394d6ee-28b2-8e7e-0980-95fbb11e50c8,https://iiif.dl.itc.u-tokyo.ac.jp/repo/s/sokuchigenkozu/,https://iiif.dl.itc.u-tokyo.ac.jp/repo/s/sokuchigenkozu/document/f394d6ee-28b2-8e7e-0980-95fbb11e50c8,https://www.lib.u-tokyo.ac.jp/ja/library/contents/archives-top/reuse,https://iiif.dl.itc.u-tokyo.ac.jp/repo/files/medium/403f62bf5b34593f4daee1acc299cd677074b476.jpg,https://iiif.dl.itc.u-tokyo.ac.jp/repo/api/items/533831,"東京大学総合図書館 General Library in the University of Tokyo, JAPAN",http://iiif.io/api/presentation/2#rightToLeftDirection,,測地原稿図,10000073,,https://iiif.dl.itc.u-tokyo.ac.jp/repo/iiif/f394d6ee-28b2-8e7e-0980-95fbb11e50c8/manifest,,,,,1
102番,測地原稿図,,伊能忠敬測地原図,いのうただたかそくちげんず,伊能忠敬,写,93枚,A00:4549,http://tify.sub.uni-goettingen.de/demo.html?manifest=https://archdataset.dl.itc.u-tokyo.ac.jp/manifest/51971aa4-1ab4-222c-20e5-938f734b1d19.json,51971aa4-1ab4-222c-20e5-938f734b1d19,https://iiif.dl.itc.u-tokyo.ac.jp/repo/s/sokuchigenkozu/,https://iiif.dl.itc.u-tokyo.ac.jp/repo/s/sokuchigenkozu/document/51971aa4-1ab4-222c-20e5-938f734b1d19,https://www.lib.u-tokyo.ac.jp/ja/library/contents/archives-top/reuse,https://iiif.dl.itc.u-tokyo.ac.jp/repo/files/medium/11691fac2b546e480fe4145827ef5ee3879766f8.jpg,https://iiif.dl.itc.u-tokyo.ac.jp/repo/api/items/533832,"東京大学総合図書館 General Library in the University of Tokyo, JAPAN",http://iiif.io/api/presentation/2#rightToLeftDirection,,測地原稿図,10000074,,https://iiif.dl.itc.u-tokyo.ac.jp/repo/iiif/51971aa4-1ab4-222c-20e5-938f734b1d19/manifest,,,,,1
103番,測地原稿図,,伊能忠敬測地原図,いのうただたかそくちげんず,伊能忠敬,写,93枚,A00:4549,http://tify.sub.uni-goettingen.de/demo.html?manifest=https://archdataset.dl.itc.u-tokyo.ac.jp/manifest/fdfd4b34-8af3-213b-a143-4c1c0f1599fc.json,fdfd4b34-8af3-213b-a143-4c1c0f1599fc,https://iiif.dl.itc.u-tokyo.ac.jp/repo/s/sokuchigenkozu/,https://iiif.dl.itc.u-tokyo.ac.jp/repo/s/sokuchigenkozu/document/fdfd4b34-8af3-213b-a143-4c1c0f1599fc,https://www.lib.u-tokyo.ac.jp/ja/library/contents/archives-top/reuse,https://iiif.dl.itc.u-tokyo.ac.jp/repo/files/medium/a18a32595d33fa53bd6f7db0b7741db18edd176c.jpg,https://iiif.dl.itc.u-tokyo.ac.jp/repo/api/items/533833,"東京大学総合図書館 General Library in the University of Tokyo, JAPAN",http://iiif.io/api/presentation/2#rightToLeftDirection,,測地原稿図,10000075,,https://iiif.dl.itc.u-tokyo.ac.jp/repo/iiif/fdfd4b34-8af3-213b-a143-4c1c0f1599fc/manifest,,,,,1
104番,測地原稿図,,伊能忠敬測地原図,いのうただたかそくちげんず,伊能忠敬,写,93枚,A00:4549,http://tify.sub.uni-goettingen.de/demo.html?manifest=https://archdataset.dl.itc.u-tokyo.ac.jp/manifest/8cc0214b-4812-5a69-910d-419b4ef00881.json,8cc0214b-4812-5a69-910d-419b4ef00881,https://iiif.dl.itc.u-tokyo.ac.jp/repo/s/sokuchigenkozu/,https://iiif.dl.itc.u-tokyo.ac.jp/repo/s/sokuchigenkozu/document/8cc0214b-4812-5a69-910d-419b4ef00881,https://www.lib.u-tokyo.ac.jp/ja/library/contents/archives-top/reuse,https://iiif.dl.itc.u-tokyo.ac.jp/repo/files/medium/e8f676488b0d2bf7173b39e7f215fe46d4420e2c.jpg,https://iiif.dl.itc.u-tokyo.ac.jp/repo/api/items/533834,"東京大学総合図書館 General Library in the University of Tokyo, JAPAN",http://iiif.io/api/presentation/2#rightToLeftDirection,,測地原稿図,10000076,,https://iiif.dl.itc.u-tokyo.ac.jp/repo/iiif/8cc0214b-4812-5a69-910d-419b4ef00881/manifest,,,,,1
105番,測地原稿図,,伊能忠敬測地原図,いのうただたかそくちげんず,伊能忠敬,写,93枚,A00:4549,http://tify.sub.uni-goettingen.de/demo.html?manifest=https://archdataset.dl.itc.u-tokyo.ac.jp/manifest/302596c6-66df-6dc6-8940-e0b19b735341.json,302596c6-66df-6dc6-8940-e0b19b735341,https://iiif.dl.itc.u-tokyo.ac.jp/repo/s/sokuchigenkozu/,https://iiif.dl.itc.u-tokyo.ac.jp/repo/s/sokuchigenkozu/document/302596c6-66df-6dc6-8940-e0b19b735341,https://www.lib.u-tokyo.ac.jp/ja/library/contents/archives-top/reuse,https://iiif.dl.itc.u-tokyo.ac.jp/repo/files/medium/761eb84fc6c7d44f9c8e8c4b2fe2910bc6036bf7.jpg,https://iiif.dl.itc.u-tokyo.ac.jp/repo/api/items/533835,"東京大学総合図書館 General Library in the University of Tokyo, JAPAN",http://iiif.io/api/presentation/2#rightToLeftDirection,,測地原稿図,10000077,,https://iiif.dl.itc.u-tokyo.ac.jp/repo/iiif/302596c6-66df-6dc6-8940-e0b19b735341/manifest,,,,,1
106番,測地原稿図,,伊能忠敬測地原図,いのうただたかそくちげんず,伊能忠敬,写,93枚,A00:4549,http://tify.sub.uni-goettingen.de/demo.html?manifest=https://archdataset.dl.itc.u-tokyo.ac.jp/manifest/841f16f0-2064-4702-76e0-ef363c378fae.json,841f16f0-2064-4702-76e0-ef363c378fae,https://iiif.dl.itc.u-tokyo.ac.jp/repo/s/sokuchigenkozu/,https://iiif.dl.itc.u-tokyo.ac.jp/repo/s/sokuchigenkozu/document/841f16f0-2064-4702-76e0-ef363c378fae,https://www.lib.u-tokyo.ac.jp/ja/library/contents/archives-top/reuse,https://iiif.dl.itc.u-tokyo.ac.jp/repo/files/medium/b2dd621af0f8407ebca178244566ea961576d034.jpg,https://iiif.dl.itc.u-tokyo.ac.jp/repo/api/items/533836,"東京大学総合図書館 General Library in the University of Tokyo, JAPAN",http://iiif.io/api/presentation/2#rightToLeftDirection,,測地原稿図,10000078,,https://iiif.dl.itc.u-tokyo.ac.jp/repo/iiif/841f16f0-2064-4702-76e0-ef363c378fae/manifest,,,,,1
107番,測地原稿図,,伊能忠敬測地原図,いのうただたかそくちげんず,伊能忠敬,写,93枚,A00:4549,http://tify.sub.uni-goettingen.de/demo.html?manifest=https://archdataset.dl.itc.u-tokyo.ac.jp/manifest/55052781-1682-201b-5052-e99de75156c6.json,55052781-1682-201b-5052-e99de75156c6,https://iiif.dl.itc.u-tokyo.ac.jp/repo/s/sokuchigenkozu/,https://iiif.dl.itc.u-tokyo.ac.jp/repo/s/sokuchigenkozu/document/55052781-1682-201b-5052-e99de75156c6,https://www.lib.u-tokyo.ac.jp/ja/library/contents/archives-top/reuse,https://iiif.dl.itc.u-tokyo.ac.jp/repo/files/medium/afebf86e7dcb5f3b4c0b1e4b6337e8753cebd8fb.jpg,https://iiif.dl.itc.u-tokyo.ac.jp/repo/api/items/533837,"東京大学総合図書館 General Library in the University of Tokyo, JAPAN",http://iiif.io/api/presentation/2#rightToLeftDirection,,測地原稿図,10000079,,https://iiif.dl.itc.u-tokyo.ac.jp/repo/iiif/55052781-1682-201b-5052-e99de75156c6/manifest,,,,,1
111番,測地原稿図,,伊能忠敬測地原図,いのうただたかそくちげんず,伊能忠敬,写,93枚,A00:4549,http://tify.sub.uni-goettingen.de/demo.html?manifest=https://archdataset.dl.itc.u-tokyo.ac.jp/manifest/c08c34e6-8e86-a080-6fc5-834e24bf1d90.json,c08c34e6-8e86-a080-6fc5-834e24bf1d90,https://iiif.dl.itc.u-tokyo.ac.jp/repo/s/sokuchigenkozu/,https://iiif.dl.itc.u-tokyo.ac.jp/repo/s/sokuchigenkozu/document/c08c34e6-8e86-a080-6fc5-834e24bf1d90,https://www.lib.u-tokyo.ac.jp/ja/library/contents/archives-top/reuse,https://iiif.dl.itc.u-tokyo.ac.jp/repo/files/medium/e2e6c89ad7a7c7072a40f03a7a7f83252bc0c9d4.jpg,https://iiif.dl.itc.u-tokyo.ac.jp/repo/api/items/533838,"東京大学総合図書館 General Library in the University of Tokyo, JAPAN",http://iiif.io/api/presentation/2#rightToLeftDirection,,測地原稿図,10000080,,https://iiif.dl.itc.u-tokyo.ac.jp/repo/iiif/c08c34e6-8e86-a080-6fc5-834e24bf1d90/manifest,,,,,1
112番,測地原稿図,,伊能忠敬測地原図,いのうただたかそくちげんず,伊能忠敬,写,93枚,A00:4549,http://tify.sub.uni-goettingen.de/demo.html?manifest=https://archdataset.dl.itc.u-tokyo.ac.jp/manifest/b06f7bc1-2145-a3b5-10e1-eeac7f120c17.json,b06f7bc1-2145-a3b5-10e1-eeac7f120c17,https://iiif.dl.itc.u-tokyo.ac.jp/repo/s/sokuchigenkozu/,https://iiif.dl.itc.u-tokyo.ac.jp/repo/s/sokuchigenkozu/document/b06f7bc1-2145-a3b5-10e1-eeac7f120c17,https://www.lib.u-tokyo.ac.jp/ja/library/contents/archives-top/reuse,https://iiif.dl.itc.u-tokyo.ac.jp/repo/files/medium/58c2702933328afe93f144995f6f0b96623a7c83.jpg,https://iiif.dl.itc.u-tokyo.ac.jp/repo/api/items/533839,"東京大学総合図書館 General Library in the University of Tokyo, JAPAN",http://iiif.io/api/presentation/2#rightToLeftDirection,,測地原稿図,10000081,,https://iiif.dl.itc.u-tokyo.ac.jp/repo/iiif/b06f7bc1-2145-a3b5-10e1-eeac7f120c17/manifest,,,,,1
113番,測地原稿図,,伊能忠敬測地原図,いのうただたかそくちげんず,伊能忠敬,写,93枚,A00:4549,http://tify.sub.uni-goettingen.de/demo.html?manifest=https://archdataset.dl.itc.u-tokyo.ac.jp/manifest/d1ea08d2-8f12-653b-67a1-0a07549a789a.json,d1ea08d2-8f12-653b-67a1-0a07549a789a,https://iiif.dl.itc.u-tokyo.ac.jp/repo/s/sokuchigenkozu/,https://iiif.dl.itc.u-tokyo.ac.jp/repo/s/sokuchigenkozu/document/d1ea08d2-8f12-653b-67a1-0a07549a789a,https://www.lib.u-tokyo.ac.jp/ja/library/contents/archives-top/reuse,https://iiif.dl.itc.u-tokyo.ac.jp/repo/files/medium/d7d4ed40f7894666b315019223369841addad2ae.jpg,https://iiif.dl.itc.u-tokyo.ac.jp/repo/api/items/533840,"東京大学総合図書館 General Library in the University of Tokyo, JAPAN",http://iiif.io/api/presentation/2#rightToLeftDirection,,測地原稿図,10000082,,https://iiif.dl.itc.u-tokyo.ac.jp/repo/iiif/d1ea08d2-8f12-653b-67a1-0a07549a789a/manifest,,,,,1
114番,測地原稿図,,伊能忠敬測地原図,いのうただたかそくちげんず,伊能忠敬,写,93枚,A00:4549,http://tify.sub.uni-goettingen.de/demo.html?manifest=https://archdataset.dl.itc.u-tokyo.ac.jp/manifest/158b9247-0412-3d99-3a57-a2bb12020b61.json,158b9247-0412-3d99-3a57-a2bb12020b61,https://iiif.dl.itc.u-tokyo.ac.jp/repo/s/sokuchigenkozu/,https://iiif.dl.itc.u-tokyo.ac.jp/repo/s/sokuchigenkozu/document/158b9247-0412-3d99-3a57-a2bb12020b61,https://www.lib.u-tokyo.ac.jp/ja/library/contents/archives-top/reuse,https://iiif.dl.itc.u-tokyo.ac.jp/repo/files/medium/e834ef7599516de6a39e4b4f3168e79b92893f1c.jpg,https://iiif.dl.itc.u-tokyo.ac.jp/repo/api/items/533841,"東京大学総合図書館 General Library in the University of Tokyo, JAPAN",http://iiif.io/api/presentation/2#rightToLeftDirection,,測地原稿図,10000083,,https://iiif.dl.itc.u-tokyo.ac.jp/repo/iiif/158b9247-0412-3d99-3a57-a2bb12020b61/manifest,,,,,1
116番,測地原稿図,,伊能忠敬測地原図,いのうただたかそくちげんず,伊能忠敬,写,93枚,A00:4549,http://tify.sub.uni-goettingen.de/demo.html?manifest=https://archdataset.dl.itc.u-tokyo.ac.jp/manifest/3e629cf3-2957-4a2f-78e3-7b47a83e1179.json,3e629cf3-2957-4a2f-78e3-7b47a83e1179,https://iiif.dl.itc.u-tokyo.ac.jp/repo/s/sokuchigenkozu/,https://iiif.dl.itc.u-tokyo.ac.jp/repo/s/sokuchigenkozu/document/3e629cf3-2957-4a2f-78e3-7b47a83e1179,https://www.lib.u-tokyo.ac.jp/ja/library/contents/archives-top/reuse,https://iiif.dl.itc.u-tokyo.ac.jp/repo/files/medium/301a224b129edce0e3dc6768b7dbff96f5fa7ebf.jpg,https://iiif.dl.itc.u-tokyo.ac.jp/repo/api/items/533842,"東京大学総合図書館 General Library in the University of Tokyo, JAPAN",http://iiif.io/api/presentation/2#rightToLeftDirection,,測地原稿図,10000084,,https://iiif.dl.itc.u-tokyo.ac.jp/repo/iiif/3e629cf3-2957-4a2f-78e3-7b47a83e1179/manifest,,,,,1
120番,測地原稿図,,伊能忠敬測地原図,いのうただたかそくちげんず,伊能忠敬,写,93枚,A00:4549,http://tify.sub.uni-goettingen.de/demo.html?manifest=https://archdataset.dl.itc.u-tokyo.ac.jp/manifest/7924e508-4765-997d-1f8b-de2d0ec171a6.json,7924e508-4765-997d-1f8b-de2d0ec171a6,https://iiif.dl.itc.u-tokyo.ac.jp/repo/s/sokuchigenkozu/,https://iiif.dl.itc.u-tokyo.ac.jp/repo/s/sokuchigenkozu/document/7924e508-4765-997d-1f8b-de2d0ec171a6,https://www.lib.u-tokyo.ac.jp/ja/library/contents/archives-top/reuse,https://iiif.dl.itc.u-tokyo.ac.jp/repo/files/medium/1d8aee3b6df11020654ae0bce81412f3df8b075d.jpg,https://iiif.dl.itc.u-tokyo.ac.jp/repo/api/items/533843,"東京大学総合図書館 General Library in the University of Tokyo, JAPAN",http://iiif.io/api/presentation/2#rightToLeftDirection,,測地原稿図,10000085,,https://iiif.dl.itc.u-tokyo.ac.jp/repo/iiif/7924e508-4765-997d-1f8b-de2d0ec171a6/manifest,,,,,1
121番,測地原稿図,,伊能忠敬測地原図,いのうただたかそくちげんず,伊能忠敬,写,93枚,A00:4549,http://tify.sub.uni-goettingen.de/demo.html?manifest=https://archdataset.dl.itc.u-tokyo.ac.jp/manifest/02219f57-a73d-861a-7ca5-f4396dd47bea.json,02219f57-a73d-861a-7ca5-f4396dd47bea,https://iiif.dl.itc.u-tokyo.ac.jp/repo/s/sokuchigenkozu/,https://iiif.dl.itc.u-tokyo.ac.jp/repo/s/sokuchigenkozu/document/02219f57-a73d-861a-7ca5-f4396dd47bea,https://www.lib.u-tokyo.ac.jp/ja/library/contents/archives-top/reuse,https://iiif.dl.itc.u-tokyo.ac.jp/repo/files/medium/9c7d0142545592de63b4e9ba601f2103629b57f3.jpg,https://iiif.dl.itc.u-tokyo.ac.jp/repo/api/items/533844,"東京大学総合図書館 General Library in the University of Tokyo, JAPAN",http://iiif.io/api/presentation/2#rightToLeftDirection,,測地原稿図,10000086,,https://iiif.dl.itc.u-tokyo.ac.jp/repo/iiif/02219f57-a73d-861a-7ca5-f4396dd47bea/manifest,,,,,1
122番,測地原稿図,,伊能忠敬測地原図,いのうただたかそくちげんず,伊能忠敬,写,93枚,A00:4549,http://tify.sub.uni-goettingen.de/demo.html?manifest=https://archdataset.dl.itc.u-tokyo.ac.jp/manifest/e0fbbbec-5e18-2b45-326b-02b328b18dd9.json,e0fbbbec-5e18-2b45-326b-02b328b18dd9,https://iiif.dl.itc.u-tokyo.ac.jp/repo/s/sokuchigenkozu/,https://iiif.dl.itc.u-tokyo.ac.jp/repo/s/sokuchigenkozu/document/e0fbbbec-5e18-2b45-326b-02b328b18dd9,https://www.lib.u-tokyo.ac.jp/ja/library/contents/archives-top/reuse,https://iiif.dl.itc.u-tokyo.ac.jp/repo/files/medium/efcbe5070a074ce9c763ab4b5fdf19911603ed69.jpg,https://iiif.dl.itc.u-tokyo.ac.jp/repo/api/items/533845,"東京大学総合図書館 General Library in the University of Tokyo, JAPAN",http://iiif.io/api/presentation/2#rightToLeftDirection,,測地原稿図,10000087,,https://iiif.dl.itc.u-tokyo.ac.jp/repo/iiif/e0fbbbec-5e18-2b45-326b-02b328b18dd9/manifest,,,,,1
123番,測地原稿図,,伊能忠敬測地原図,いのうただたかそくちげんず,伊能忠敬,写,93枚,A00:4549,http://tify.sub.uni-goettingen.de/demo.html?manifest=https://archdataset.dl.itc.u-tokyo.ac.jp/manifest/6b2afb7f-15d0-15d1-6461-180003409672.json,6b2afb7f-15d0-15d1-6461-180003409672,https://iiif.dl.itc.u-tokyo.ac.jp/repo/s/sokuchigenkozu/,https://iiif.dl.itc.u-tokyo.ac.jp/repo/s/sokuchigenkozu/document/6b2afb7f-15d0-15d1-6461-180003409672,https://www.lib.u-tokyo.ac.jp/ja/library/contents/archives-top/reuse,https://iiif.dl.itc.u-tokyo.ac.jp/repo/files/medium/67f51b70bfb9734606ffc729d2908ac75b21909a.jpg,https://iiif.dl.itc.u-tokyo.ac.jp/repo/api/items/533846,"東京大学総合図書館 General Library in the University of Tokyo, JAPAN",http://iiif.io/api/presentation/2#rightToLeftDirection,,測地原稿図,10000088,,https://iiif.dl.itc.u-tokyo.ac.jp/repo/iiif/6b2afb7f-15d0-15d1-6461-180003409672/manifest,,,,,1
123番属,測地原稿図,,伊能忠敬測地原図,いのうただたかそくちげんず,伊能忠敬,写,93枚,A00:4549,http://tify.sub.uni-goettingen.de/demo.html?manifest=https://archdataset.dl.itc.u-tokyo.ac.jp/manifest/a652cee8-3920-a0e5-990e-8c6c86207d3a.json,a652cee8-3920-a0e5-990e-8c6c86207d3a,https://iiif.dl.itc.u-tokyo.ac.jp/repo/s/sokuchigenkozu/,https://iiif.dl.itc.u-tokyo.ac.jp/repo/s/sokuchigenkozu/document/a652cee8-3920-a0e5-990e-8c6c86207d3a,https://www.lib.u-tokyo.ac.jp/ja/library/contents/archives-top/reuse,https://iiif.dl.itc.u-tokyo.ac.jp/repo/files/medium/8b656826b58c9a89067e8c590a05b532b008c557.jpg,https://iiif.dl.itc.u-tokyo.ac.jp/repo/api/items/533847,"東京大学総合図書館 General Library in the University of Tokyo, JAPAN",http://iiif.io/api/presentation/2#rightToLeftDirection,,測地原稿図,10000089,,https://iiif.dl.itc.u-tokyo.ac.jp/repo/iiif/a652cee8-3920-a0e5-990e-8c6c86207d3a/manifest,,,,,1
124番,測地原稿図,,伊能忠敬測地原図,いのうただたかそくちげんず,伊能忠敬,写,93枚,A00:4549,http://tify.sub.uni-goettingen.de/demo.html?manifest=https://archdataset.dl.itc.u-tokyo.ac.jp/manifest/b91a51eb-218c-6e4f-6230-3f646c479ae7.json,b91a51eb-218c-6e4f-6230-3f646c479ae7,https://iiif.dl.itc.u-tokyo.ac.jp/repo/s/sokuchigenkozu/,https://iiif.dl.itc.u-tokyo.ac.jp/repo/s/sokuchigenkozu/document/b91a51eb-218c-6e4f-6230-3f646c479ae7,https://www.lib.u-tokyo.ac.jp/ja/library/contents/archives-top/reuse,https://iiif.dl.itc.u-tokyo.ac.jp/repo/files/medium/a6364ae097d55df079da723f6cc4cf3a02c11964.jpg,https://iiif.dl.itc.u-tokyo.ac.jp/repo/api/items/533848,"東京大学総合図書館 General Library in the University of Tokyo, JAPAN",http://iiif.io/api/presentation/2#rightToLeftDirection,,測地原稿図,10000090,,https://iiif.dl.itc.u-tokyo.ac.jp/repo/iiif/b91a51eb-218c-6e4f-6230-3f646c479ae7/manifest,,,,,1
125番,測地原稿図,,伊能忠敬測地原図,いのうただたかそくちげんず,伊能忠敬,写,93枚,A00:4549,http://tify.sub.uni-goettingen.de/demo.html?manifest=https://archdataset.dl.itc.u-tokyo.ac.jp/manifest/c743d416-9539-a67d-4977-afa42a4351e0.json,c743d416-9539-a67d-4977-afa42a4351e0,https://iiif.dl.itc.u-tokyo.ac.jp/repo/s/sokuchigenkozu/,https://iiif.dl.itc.u-tokyo.ac.jp/repo/s/sokuchigenkozu/document/c743d416-9539-a67d-4977-afa42a4351e0,https://www.lib.u-tokyo.ac.jp/ja/library/contents/archives-top/reuse,https://iiif.dl.itc.u-tokyo.ac.jp/repo/files/medium/3431981cf5664f568a67459769ebc5067a148d08.jpg,https://iiif.dl.itc.u-tokyo.ac.jp/repo/api/items/533849,"東京大学総合図書館 General Library in the University of Tokyo, JAPAN",http://iiif.io/api/presentation/2#rightToLeftDirection,,測地原稿図,10000091,,https://iiif.dl.itc.u-tokyo.ac.jp/repo/iiif/c743d416-9539-a67d-4977-afa42a4351e0/manifest,,,,,1
126番,測地原稿図,,伊能忠敬測地原図,いのうただたかそくちげんず,伊能忠敬,写,93枚,A00:4549,http://tify.sub.uni-goettingen.de/demo.html?manifest=https://archdataset.dl.itc.u-tokyo.ac.jp/manifest/adb193f6-244b-a461-5b01-251713c165c9.json,adb193f6-244b-a461-5b01-251713c165c9,https://iiif.dl.itc.u-tokyo.ac.jp/repo/s/sokuchigenkozu/,https://iiif.dl.itc.u-tokyo.ac.jp/repo/s/sokuchigenkozu/document/adb193f6-244b-a461-5b01-251713c165c9,https://www.lib.u-tokyo.ac.jp/ja/library/contents/archives-top/reuse,https://iiif.dl.itc.u-tokyo.ac.jp/repo/files/medium/ad67f2a05d98a5fa3d2bbe8b9cbe2c1b802cecff.jpg,https://iiif.dl.itc.u-tokyo.ac.jp/repo/api/items/533850,"東京大学総合図書館 General Library in the University of Tokyo, JAPAN",http://iiif.io/api/presentation/2#rightToLeftDirection,,測地原稿図,10000092,,https://iiif.dl.itc.u-tokyo.ac.jp/repo/iiif/adb193f6-244b-a461-5b01-251713c165c9/manifest,,,,,1
127番,測地原稿図,,伊能忠敬測地原図,いのうただたかそくちげんず,伊能忠敬,写,93枚,A00:4549,http://tify.sub.uni-goettingen.de/demo.html?manifest=https://archdataset.dl.itc.u-tokyo.ac.jp/manifest/d5859699-9b10-607a-14b5-69a058799a03.json,d5859699-9b10-607a-14b5-69a058799a03,https://iiif.dl.itc.u-tokyo.ac.jp/repo/s/sokuchigenkozu/,https://iiif.dl.itc.u-tokyo.ac.jp/repo/s/sokuchigenkozu/document/d5859699-9b10-607a-14b5-69a058799a03,https://www.lib.u-tokyo.ac.jp/ja/library/contents/archives-top/reuse,https://iiif.dl.itc.u-tokyo.ac.jp/repo/files/medium/e3cd2d448f7de9a5e0ece4f53ed8205500fa55c2.jpg,https://iiif.dl.itc.u-tokyo.ac.jp/repo/api/items/533851,"東京大学総合図書館 General Library in the University of Tokyo, JAPAN",http://iiif.io/api/presentation/2#rightToLeftDirection,,測地原稿図,10000093,,https://iiif.dl.itc.u-tokyo.ac.jp/repo/iiif/d5859699-9b10-607a-14b5-69a058799a03/manifest,,,,,1
[箱],測地原稿図,,伊能忠敬測地原図,いのうただたかそくちげんず,伊能忠敬,写,93枚,A00:4549,http://tify.sub.uni-goettingen.de/demo.html?manifest=https://archdataset.dl.itc.u-tokyo.ac.jp/manifest/b70814df-1a49-a11e-4070-852f6c5142ed.json,b70814df-1a49-a11e-4070-852f6c5142ed,https://iiif.dl.itc.u-tokyo.ac.jp/repo/s/sokuchigenkozu/,https://iiif.dl.itc.u-tokyo.ac.jp/repo/s/sokuchigenkozu/document/b70814df-1a49-a11e-4070-852f6c5142ed,https://www.lib.u-tokyo.ac.jp/ja/library/contents/archives-top/reuse,https://iiif.dl.itc.u-tokyo.ac.jp/repo/files/medium/c25e017c1d24a2d7176f865d3684eedf7bfa27f5.jpg,https://iiif.dl.itc.u-tokyo.ac.jp/repo/api/items/533852,"東京大学総合図書館 General Library in the University of Tokyo, JAPAN",http://iiif.io/api/presentation/2#rightToLeftDirection,,測地原稿図,10000093,,https://iiif.dl.itc.u-tokyo.ac.jp/repo/iiif/b70814df-1a49-a11e-4070-852f6c5142ed/manifest,,,,,2
