タイトル	請求記号	所蔵	編者	サイズ	Identifier	ID	ウェブサイトURL	アイテムURL	利用条件	サムネイル	機械可読ドキュメント	viewingDirection	viewingHint	コレクション	ソート用項目	西暦	IIIFマニフェストURI	IIIF Search API URI	アノテーション付きIIIFマニフェストURI	Link to TAPAS Project	Text with Rich Text Format	# of media
dcterms:title	dcndl:callNumber	sc:attributionLabel	dcterms:contributor	dcterms:extent	dcterms:identifier	bibo:identifier	dcterms:isPartOf	dcterms:relation	dcterms:rights	foaf:thumbnail	rdfs:seeAlso	sc:viewingDirection	sc:viewingHint	uterms:databaseLabel	uterms:sort	uterms:year	uterms:manifestUri	uterms:searchApiUri	uterms:annotedManifest	uterms:linkToTapas	uterms:rtf	2212
Catalogue of the Kawaguchi-Takakusu Collection of Sanskrit manuscripts. Note-book 1	A100:1685	東京大学総合図書館 General Library in the University of Tokyo, JAPAN	Seiren Matunami	22 cm	b386852a-001d-1a10-2d8d-6e41134837d6	b386852a-001d-1a10-2d8d-6e41134837d6	https://iiif.dl.itc.u-tokyo.ac.jp/repo/s/matsunami/	https://iiif.dl.itc.u-tokyo.ac.jp/repo/s/matsunami/document/b386852a-001d-1a10-2d8d-6e41134837d6	http://creativecommons.org/licenses/by/4.0/	https://iiif.dl.itc.u-tokyo.ac.jp/repo/files/medium/494e59182b669ad941c19c079c3f02107d800b0e.jpg	https://iiif.dl.itc.u-tokyo.ac.jp/repo/api/items/22372			Catalogue of the Kawaguchi-Takakusu Collection of Sanskrit manuscripts. Note-book(松濤ノート)			https://iiif.dl.itc.u-tokyo.ac.jp/repo/iiif/b386852a-001d-1a10-2d8d-6e41134837d6/manifest					70
Catalogue of the Kawaguchi-Takakusu Collection of Sanskrit manuscripts. Note-book 2	A100:1685	東京大学総合図書館 General Library in the University of Tokyo, JAPAN	Seiren Matunami	22 cm	9edcc925-2fc6-4c72-8be3-6e2fc1b91b59	9edcc925-2fc6-4c72-8be3-6e2fc1b91b59	https://iiif.dl.itc.u-tokyo.ac.jp/repo/s/matsunami/	https://iiif.dl.itc.u-tokyo.ac.jp/repo/s/matsunami/document/9edcc925-2fc6-4c72-8be3-6e2fc1b91b59	http://creativecommons.org/licenses/by/4.0/	https://iiif.dl.itc.u-tokyo.ac.jp/repo/files/medium/15234e8804485f097183c3f745467e6d0e471c49.jpg	https://iiif.dl.itc.u-tokyo.ac.jp/repo/api/items/22373			Catalogue of the Kawaguchi-Takakusu Collection of Sanskrit manuscripts. Note-book(松濤ノート)			https://iiif.dl.itc.u-tokyo.ac.jp/repo/iiif/9edcc925-2fc6-4c72-8be3-6e2fc1b91b59/manifest					73
Catalogue of the Kawaguchi-Takakusu Collection of Sanskrit manuscripts. Note-book 3	A100:1685	東京大学総合図書館 General Library in the University of Tokyo, JAPAN	Seiren Matunami	22 cm	16be420b-82b3-90c7-50f8-799342e29cdc	16be420b-82b3-90c7-50f8-799342e29cdc	https://iiif.dl.itc.u-tokyo.ac.jp/repo/s/matsunami/	https://iiif.dl.itc.u-tokyo.ac.jp/repo/s/matsunami/document/16be420b-82b3-90c7-50f8-799342e29cdc	http://creativecommons.org/licenses/by/4.0/	https://iiif.dl.itc.u-tokyo.ac.jp/repo/files/medium/fe2d93c2c97bc0f0077ce7a7a0c307c94a5f81bf.jpg	https://iiif.dl.itc.u-tokyo.ac.jp/repo/api/items/22374			Catalogue of the Kawaguchi-Takakusu Collection of Sanskrit manuscripts. Note-book(松濤ノート)			https://iiif.dl.itc.u-tokyo.ac.jp/repo/iiif/16be420b-82b3-90c7-50f8-799342e29cdc/manifest					74
Catalogue of the Kawaguchi-Takakusu Collection of Sanskrit manuscripts. Note-book 4	A100:1685	東京大学総合図書館 General Library in the University of Tokyo, JAPAN	Seiren Matunami	22 cm	08d8d249-a40a-6830-9929-541e6b3d5bae	08d8d249-a40a-6830-9929-541e6b3d5bae	https://iiif.dl.itc.u-tokyo.ac.jp/repo/s/matsunami/	https://iiif.dl.itc.u-tokyo.ac.jp/repo/s/matsunami/document/08d8d249-a40a-6830-9929-541e6b3d5bae	http://creativecommons.org/licenses/by/4.0/	https://iiif.dl.itc.u-tokyo.ac.jp/repo/files/medium/1af3267d6d3cbd2d369df5646aedb706b6548957.jpg	https://iiif.dl.itc.u-tokyo.ac.jp/repo/api/items/22375			Catalogue of the Kawaguchi-Takakusu Collection of Sanskrit manuscripts. Note-book(松濤ノート)			https://iiif.dl.itc.u-tokyo.ac.jp/repo/iiif/08d8d249-a40a-6830-9929-541e6b3d5bae/manifest					73
Catalogue of the Kawaguchi-Takakusu Collection of Sanskrit manuscripts. Note-book 5	A100:1685	東京大学総合図書館 General Library in the University of Tokyo, JAPAN	Seiren Matunami	22 cm	9c523a30-8a11-8282-8660-5414684f3994	9c523a30-8a11-8282-8660-5414684f3994	https://iiif.dl.itc.u-tokyo.ac.jp/repo/s/matsunami/	https://iiif.dl.itc.u-tokyo.ac.jp/repo/s/matsunami/document/9c523a30-8a11-8282-8660-5414684f3994	http://creativecommons.org/licenses/by/4.0/	https://iiif.dl.itc.u-tokyo.ac.jp/repo/files/medium/c18a71926fa4972da76a335b32b10985f97e6173.jpg	https://iiif.dl.itc.u-tokyo.ac.jp/repo/api/items/22376			Catalogue of the Kawaguchi-Takakusu Collection of Sanskrit manuscripts. Note-book(松濤ノート)			https://iiif.dl.itc.u-tokyo.ac.jp/repo/iiif/9c523a30-8a11-8282-8660-5414684f3994/manifest					74
Catalogue of the Kawaguchi-Takakusu Collection of Sanskrit manuscripts. Note-book 6	A100:1685	東京大学総合図書館 General Library in the University of Tokyo, JAPAN	Seiren Matunami	22 cm	460019c8-03da-63c8-a787-4132e04e7ac5	460019c8-03da-63c8-a787-4132e04e7ac5	https://iiif.dl.itc.u-tokyo.ac.jp/repo/s/matsunami/	https://iiif.dl.itc.u-tokyo.ac.jp/repo/s/matsunami/document/460019c8-03da-63c8-a787-4132e04e7ac5	http://creativecommons.org/licenses/by/4.0/	https://iiif.dl.itc.u-tokyo.ac.jp/repo/files/medium/9a069fd35c7cb8ed1376e27be28878cddd61f443.jpg	https://iiif.dl.itc.u-tokyo.ac.jp/repo/api/items/22377			Catalogue of the Kawaguchi-Takakusu Collection of Sanskrit manuscripts. Note-book(松濤ノート)			https://iiif.dl.itc.u-tokyo.ac.jp/repo/iiif/460019c8-03da-63c8-a787-4132e04e7ac5/manifest					73
Catalogue of the Kawaguchi-Takakusu Collection of Sanskrit manuscripts. Note-book 7	A100:1685	東京大学総合図書館 General Library in the University of Tokyo, JAPAN	Seiren Matunami	22 cm	4f41ecb4-3533-022d-a426-6120a11d3c04	4f41ecb4-3533-022d-a426-6120a11d3c04	https://iiif.dl.itc.u-tokyo.ac.jp/repo/s/matsunami/	https://iiif.dl.itc.u-tokyo.ac.jp/repo/s/matsunami/document/4f41ecb4-3533-022d-a426-6120a11d3c04	http://creativecommons.org/licenses/by/4.0/	https://iiif.dl.itc.u-tokyo.ac.jp/repo/files/medium/29056749d4692eda883fccae5d25802dd5bfc2ee.jpg	https://iiif.dl.itc.u-tokyo.ac.jp/repo/api/items/22378			Catalogue of the Kawaguchi-Takakusu Collection of Sanskrit manuscripts. Note-book(松濤ノート)			https://iiif.dl.itc.u-tokyo.ac.jp/repo/iiif/4f41ecb4-3533-022d-a426-6120a11d3c04/manifest					74
Catalogue of the Kawaguchi-Takakusu Collection of Sanskrit manuscripts. Note-book 8	A100:1685	東京大学総合図書館 General Library in the University of Tokyo, JAPAN	Seiren Matunami	22 cm	5b1fae2a-0a39-1a00-0b88-9344abe54dc4	5b1fae2a-0a39-1a00-0b88-9344abe54dc4	https://iiif.dl.itc.u-tokyo.ac.jp/repo/s/matsunami/	https://iiif.dl.itc.u-tokyo.ac.jp/repo/s/matsunami/document/5b1fae2a-0a39-1a00-0b88-9344abe54dc4	http://creativecommons.org/licenses/by/4.0/	https://iiif.dl.itc.u-tokyo.ac.jp/repo/files/medium/8d1430ac2119ff62b1dc4cca06bc3956076f1d6c.jpg	https://iiif.dl.itc.u-tokyo.ac.jp/repo/api/items/22379			Catalogue of the Kawaguchi-Takakusu Collection of Sanskrit manuscripts. Note-book(松濤ノート)			https://iiif.dl.itc.u-tokyo.ac.jp/repo/iiif/5b1fae2a-0a39-1a00-0b88-9344abe54dc4/manifest					73
Catalogue of the Kawaguchi-Takakusu Collection of Sanskrit manuscripts. Note-book 9	A100:1685	東京大学総合図書館 General Library in the University of Tokyo, JAPAN	Seiren Matunami	22 cm	7617ec5c-0126-9d91-3745-111d66c00c97	7617ec5c-0126-9d91-3745-111d66c00c97	https://iiif.dl.itc.u-tokyo.ac.jp/repo/s/matsunami/	https://iiif.dl.itc.u-tokyo.ac.jp/repo/s/matsunami/document/7617ec5c-0126-9d91-3745-111d66c00c97	http://creativecommons.org/licenses/by/4.0/	https://iiif.dl.itc.u-tokyo.ac.jp/repo/files/medium/117797ecf8307ad2c0e93c4a391e111e692e4c25.jpg	https://iiif.dl.itc.u-tokyo.ac.jp/repo/api/items/22380			Catalogue of the Kawaguchi-Takakusu Collection of Sanskrit manuscripts. Note-book(松濤ノート)			https://iiif.dl.itc.u-tokyo.ac.jp/repo/iiif/7617ec5c-0126-9d91-3745-111d66c00c97/manifest					76
Catalogue of the Kawaguchi-Takakusu Collection of Sanskrit manuscripts. Note-book 10	A100:1685	東京大学総合図書館 General Library in the University of Tokyo, JAPAN	Seiren Matunami	22 cm	93c27fe3-5323-35dd-a352-557e157b2fe4	93c27fe3-5323-35dd-a352-557e157b2fe4	https://iiif.dl.itc.u-tokyo.ac.jp/repo/s/matsunami/	https://iiif.dl.itc.u-tokyo.ac.jp/repo/s/matsunami/document/93c27fe3-5323-35dd-a352-557e157b2fe4	http://creativecommons.org/licenses/by/4.0/	https://iiif.dl.itc.u-tokyo.ac.jp/repo/files/medium/076c094e446ef86bf17581d7f86fdcd5e971587c.jpg	https://iiif.dl.itc.u-tokyo.ac.jp/repo/api/items/22381			Catalogue of the Kawaguchi-Takakusu Collection of Sanskrit manuscripts. Note-book(松濤ノート)			https://iiif.dl.itc.u-tokyo.ac.jp/repo/iiif/93c27fe3-5323-35dd-a352-557e157b2fe4/manifest					74
Catalogue of the Kawaguchi-Takakusu Collection of Sanskrit manuscripts. Note-book 11	A100:1685	東京大学総合図書館 General Library in the University of Tokyo, JAPAN	Seiren Matunami	22 cm	cde28e92-19fd-1773-0532-cf58709e49f3	cde28e92-19fd-1773-0532-cf58709e49f3	https://iiif.dl.itc.u-tokyo.ac.jp/repo/s/matsunami/	https://iiif.dl.itc.u-tokyo.ac.jp/repo/s/matsunami/document/cde28e92-19fd-1773-0532-cf58709e49f3	http://creativecommons.org/licenses/by/4.0/	https://iiif.dl.itc.u-tokyo.ac.jp/repo/files/medium/2fcb14df3742dcb9b8678142cd31d99ce6dcb6e3.jpg	https://iiif.dl.itc.u-tokyo.ac.jp/repo/api/items/22382			Catalogue of the Kawaguchi-Takakusu Collection of Sanskrit manuscripts. Note-book(松濤ノート)			https://iiif.dl.itc.u-tokyo.ac.jp/repo/iiif/cde28e92-19fd-1773-0532-cf58709e49f3/manifest					73
Catalogue of the Kawaguchi-Takakusu Collection of Sanskrit manuscripts. Note-book 12	A100:1685	東京大学総合図書館 General Library in the University of Tokyo, JAPAN	Seiren Matunami	22 cm	09c5b887-6418-673f-1252-392a47e61313	09c5b887-6418-673f-1252-392a47e61313	https://iiif.dl.itc.u-tokyo.ac.jp/repo/s/matsunami/	https://iiif.dl.itc.u-tokyo.ac.jp/repo/s/matsunami/document/09c5b887-6418-673f-1252-392a47e61313	http://creativecommons.org/licenses/by/4.0/	https://iiif.dl.itc.u-tokyo.ac.jp/repo/files/medium/8114523c8ac71b949162a553176ed0122e91b693.jpg	https://iiif.dl.itc.u-tokyo.ac.jp/repo/api/items/22383			Catalogue of the Kawaguchi-Takakusu Collection of Sanskrit manuscripts. Note-book(松濤ノート)			https://iiif.dl.itc.u-tokyo.ac.jp/repo/iiif/09c5b887-6418-673f-1252-392a47e61313/manifest					72
Catalogue of the Kawaguchi-Takakusu Collection of Sanskrit manuscripts. Note-book 13	A100:1685	東京大学総合図書館 General Library in the University of Tokyo, JAPAN	Seiren Matunami	22 cm	ff0a9ad1-7c01-3010-3030-8f5b41e06021	ff0a9ad1-7c01-3010-3030-8f5b41e06021	https://iiif.dl.itc.u-tokyo.ac.jp/repo/s/matsunami/	https://iiif.dl.itc.u-tokyo.ac.jp/repo/s/matsunami/document/ff0a9ad1-7c01-3010-3030-8f5b41e06021	http://creativecommons.org/licenses/by/4.0/	https://iiif.dl.itc.u-tokyo.ac.jp/repo/files/medium/29b79505258c493119d5baa4cb45ac5901edfcb1.jpg	https://iiif.dl.itc.u-tokyo.ac.jp/repo/api/items/22384			Catalogue of the Kawaguchi-Takakusu Collection of Sanskrit manuscripts. Note-book(松濤ノート)			https://iiif.dl.itc.u-tokyo.ac.jp/repo/iiif/ff0a9ad1-7c01-3010-3030-8f5b41e06021/manifest					74
Catalogue of the Kawaguchi-Takakusu Collection of Sanskrit manuscripts. Note-book 14	A100:1685	東京大学総合図書館 General Library in the University of Tokyo, JAPAN	Seiren Matunami	22 cm	58031ba7-9fd4-9671-7631-081e8b3ca23f	58031ba7-9fd4-9671-7631-081e8b3ca23f	https://iiif.dl.itc.u-tokyo.ac.jp/repo/s/matsunami/	https://iiif.dl.itc.u-tokyo.ac.jp/repo/s/matsunami/document/58031ba7-9fd4-9671-7631-081e8b3ca23f	http://creativecommons.org/licenses/by/4.0/	https://iiif.dl.itc.u-tokyo.ac.jp/repo/files/medium/fe2fc105fd3d1fd823865a3ea490c9c024593bba.jpg	https://iiif.dl.itc.u-tokyo.ac.jp/repo/api/items/22385			Catalogue of the Kawaguchi-Takakusu Collection of Sanskrit manuscripts. Note-book(松濤ノート)			https://iiif.dl.itc.u-tokyo.ac.jp/repo/iiif/58031ba7-9fd4-9671-7631-081e8b3ca23f/manifest					74
Catalogue of the Kawaguchi-Takakusu Collection of Sanskrit manuscripts. Note-book 15	A100:1685	東京大学総合図書館 General Library in the University of Tokyo, JAPAN	Seiren Matunami	22 cm	ae7ece32-793f-4769-3b24-a58812766775	ae7ece32-793f-4769-3b24-a58812766775	https://iiif.dl.itc.u-tokyo.ac.jp/repo/s/matsunami/	https://iiif.dl.itc.u-tokyo.ac.jp/repo/s/matsunami/document/ae7ece32-793f-4769-3b24-a58812766775	http://creativecommons.org/licenses/by/4.0/	https://iiif.dl.itc.u-tokyo.ac.jp/repo/files/medium/a7c0bfc49ff5ed85ea407c5067d909e2282d2ec9.jpg	https://iiif.dl.itc.u-tokyo.ac.jp/repo/api/items/22386			Catalogue of the Kawaguchi-Takakusu Collection of Sanskrit manuscripts. Note-book(松濤ノート)			https://iiif.dl.itc.u-tokyo.ac.jp/repo/iiif/ae7ece32-793f-4769-3b24-a58812766775/manifest					73
Catalogue of the Kawaguchi-Takakusu Collection of Sanskrit manuscripts. Note-book 16	A100:1685	東京大学総合図書館 General Library in the University of Tokyo, JAPAN	Seiren Matunami	22 cm	bd1a48a6-1085-6c78-6887-e68a87da97e0	bd1a48a6-1085-6c78-6887-e68a87da97e0	https://iiif.dl.itc.u-tokyo.ac.jp/repo/s/matsunami/	https://iiif.dl.itc.u-tokyo.ac.jp/repo/s/matsunami/document/bd1a48a6-1085-6c78-6887-e68a87da97e0	http://creativecommons.org/licenses/by/4.0/	https://iiif.dl.itc.u-tokyo.ac.jp/repo/files/medium/5e2a1c2eb898ca236220cf4156c0a24ca67c62c8.jpg	https://iiif.dl.itc.u-tokyo.ac.jp/repo/api/items/22387			Catalogue of the Kawaguchi-Takakusu Collection of Sanskrit manuscripts. Note-book(松濤ノート)			https://iiif.dl.itc.u-tokyo.ac.jp/repo/iiif/bd1a48a6-1085-6c78-6887-e68a87da97e0/manifest					73
Catalogue of the Kawaguchi-Takakusu Collection of Sanskrit manuscripts. Note-book 17	A100:1685	東京大学総合図書館 General Library in the University of Tokyo, JAPAN	Seiren Matunami	22 cm	6f9fc8c8-8c9d-947d-2870-ba8c10d58208	6f9fc8c8-8c9d-947d-2870-ba8c10d58208	https://iiif.dl.itc.u-tokyo.ac.jp/repo/s/matsunami/	https://iiif.dl.itc.u-tokyo.ac.jp/repo/s/matsunami/document/6f9fc8c8-8c9d-947d-2870-ba8c10d58208	http://creativecommons.org/licenses/by/4.0/	https://iiif.dl.itc.u-tokyo.ac.jp/repo/files/medium/47e6436da5cd75b00ba56265e78478aefd871562.jpg	https://iiif.dl.itc.u-tokyo.ac.jp/repo/api/items/22388			Catalogue of the Kawaguchi-Takakusu Collection of Sanskrit manuscripts. Note-book(松濤ノート)			https://iiif.dl.itc.u-tokyo.ac.jp/repo/iiif/6f9fc8c8-8c9d-947d-2870-ba8c10d58208/manifest					72
Catalogue of the Kawaguchi-Takakusu Collection of Sanskrit manuscripts. Note-book 18	A100:1685	東京大学総合図書館 General Library in the University of Tokyo, JAPAN	Seiren Matunami	22 cm	417a648b-2f60-3ead-8008-b3da070b94e6	417a648b-2f60-3ead-8008-b3da070b94e6	https://iiif.dl.itc.u-tokyo.ac.jp/repo/s/matsunami/	https://iiif.dl.itc.u-tokyo.ac.jp/repo/s/matsunami/document/417a648b-2f60-3ead-8008-b3da070b94e6	http://creativecommons.org/licenses/by/4.0/	https://iiif.dl.itc.u-tokyo.ac.jp/repo/files/medium/4b6981673a0f2eebd03a6d3689ad66aac5cda140.jpg	https://iiif.dl.itc.u-tokyo.ac.jp/repo/api/items/22389			Catalogue of the Kawaguchi-Takakusu Collection of Sanskrit manuscripts. Note-book(松濤ノート)			https://iiif.dl.itc.u-tokyo.ac.jp/repo/iiif/417a648b-2f60-3ead-8008-b3da070b94e6/manifest					72
Catalogue of the Kawaguchi-Takakusu Collection of Sanskrit manuscripts. Note-book 19	A100:1685	東京大学総合図書館 General Library in the University of Tokyo, JAPAN	Seiren Matunami	22 cm	611110aa-6201-896f-4de4-efe045bd742d	611110aa-6201-896f-4de4-efe045bd742d	https://iiif.dl.itc.u-tokyo.ac.jp/repo/s/matsunami/	https://iiif.dl.itc.u-tokyo.ac.jp/repo/s/matsunami/document/611110aa-6201-896f-4de4-efe045bd742d	http://creativecommons.org/licenses/by/4.0/	https://iiif.dl.itc.u-tokyo.ac.jp/repo/files/medium/72770c5ac97a8cc689716954378bc898d5628475.jpg	https://iiif.dl.itc.u-tokyo.ac.jp/repo/api/items/22390			Catalogue of the Kawaguchi-Takakusu Collection of Sanskrit manuscripts. Note-book(松濤ノート)			https://iiif.dl.itc.u-tokyo.ac.jp/repo/iiif/611110aa-6201-896f-4de4-efe045bd742d/manifest					73
Catalogue of the Kawaguchi-Takakusu Collection of Sanskrit manuscripts. Note-book 20	A100:1685	東京大学総合図書館 General Library in the University of Tokyo, JAPAN	Seiren Matunami	22 cm	856eac73-3f9a-a523-097e-b8e2d94c1748	856eac73-3f9a-a523-097e-b8e2d94c1748	https://iiif.dl.itc.u-tokyo.ac.jp/repo/s/matsunami/	https://iiif.dl.itc.u-tokyo.ac.jp/repo/s/matsunami/document/856eac73-3f9a-a523-097e-b8e2d94c1748	http://creativecommons.org/licenses/by/4.0/	https://iiif.dl.itc.u-tokyo.ac.jp/repo/files/medium/4bb7694853f16a0621f20f9486bac3b80a6c12d9.jpg	https://iiif.dl.itc.u-tokyo.ac.jp/repo/api/items/22391			Catalogue of the Kawaguchi-Takakusu Collection of Sanskrit manuscripts. Note-book(松濤ノート)			https://iiif.dl.itc.u-tokyo.ac.jp/repo/iiif/856eac73-3f9a-a523-097e-b8e2d94c1748/manifest					72
Catalogue of the Kawaguchi-Takakusu Collection of Sanskrit manuscripts. Note-book 21	A100:1685	東京大学総合図書館 General Library in the University of Tokyo, JAPAN	Seiren Matunami	22 cm	3d9eab09-8d3d-7a2d-a2a9-73e0c4209043	3d9eab09-8d3d-7a2d-a2a9-73e0c4209043	https://iiif.dl.itc.u-tokyo.ac.jp/repo/s/matsunami/	https://iiif.dl.itc.u-tokyo.ac.jp/repo/s/matsunami/document/3d9eab09-8d3d-7a2d-a2a9-73e0c4209043	http://creativecommons.org/licenses/by/4.0/	https://iiif.dl.itc.u-tokyo.ac.jp/repo/files/medium/5f8e3b73a877c1b436c3b641917835b2319f56b9.jpg	https://iiif.dl.itc.u-tokyo.ac.jp/repo/api/items/22392			Catalogue of the Kawaguchi-Takakusu Collection of Sanskrit manuscripts. Note-book(松濤ノート)			https://iiif.dl.itc.u-tokyo.ac.jp/repo/iiif/3d9eab09-8d3d-7a2d-a2a9-73e0c4209043/manifest					96
Catalogue of the Kawaguchi-Takakusu Collection of Sanskrit manuscripts. Note-book 22	A100:1685	東京大学総合図書館 General Library in the University of Tokyo, JAPAN	Seiren Matunami	22 cm	cb2ec445-a687-31d5-2490-595b266f2e9f	cb2ec445-a687-31d5-2490-595b266f2e9f	https://iiif.dl.itc.u-tokyo.ac.jp/repo/s/matsunami/	https://iiif.dl.itc.u-tokyo.ac.jp/repo/s/matsunami/document/cb2ec445-a687-31d5-2490-595b266f2e9f	http://creativecommons.org/licenses/by/4.0/	https://iiif.dl.itc.u-tokyo.ac.jp/repo/files/medium/852a78418a9a04bf1b92c067d986e82d3ec79f3f.jpg	https://iiif.dl.itc.u-tokyo.ac.jp/repo/api/items/22393			Catalogue of the Kawaguchi-Takakusu Collection of Sanskrit manuscripts. Note-book(松濤ノート)			https://iiif.dl.itc.u-tokyo.ac.jp/repo/iiif/cb2ec445-a687-31d5-2490-595b266f2e9f/manifest					76
Catalogue of the Kawaguchi-Takakusu Collection of Sanskrit manuscripts. Note-book 23	A100:1685	東京大学総合図書館 General Library in the University of Tokyo, JAPAN	Seiren Matunami	22 cm	1450ac02-62c8-09df-7094-659562592168	1450ac02-62c8-09df-7094-659562592168	https://iiif.dl.itc.u-tokyo.ac.jp/repo/s/matsunami/	https://iiif.dl.itc.u-tokyo.ac.jp/repo/s/matsunami/document/1450ac02-62c8-09df-7094-659562592168	http://creativecommons.org/licenses/by/4.0/	https://iiif.dl.itc.u-tokyo.ac.jp/repo/files/medium/2462895ef5c7d9bdc45e18bb5bb9d7fbcab8e78e.jpg	https://iiif.dl.itc.u-tokyo.ac.jp/repo/api/items/22394			Catalogue of the Kawaguchi-Takakusu Collection of Sanskrit manuscripts. Note-book(松濤ノート)			https://iiif.dl.itc.u-tokyo.ac.jp/repo/iiif/1450ac02-62c8-09df-7094-659562592168/manifest					73
Catalogue of the Kawaguchi-Takakusu Collection of Sanskrit manuscripts. Note-book 24	A100:1685	東京大学総合図書館 General Library in the University of Tokyo, JAPAN	Seiren Matunami	22 cm	65d62099-8834-2188-459e-b743d35d441c	65d62099-8834-2188-459e-b743d35d441c	https://iiif.dl.itc.u-tokyo.ac.jp/repo/s/matsunami/	https://iiif.dl.itc.u-tokyo.ac.jp/repo/s/matsunami/document/65d62099-8834-2188-459e-b743d35d441c	http://creativecommons.org/licenses/by/4.0/	https://iiif.dl.itc.u-tokyo.ac.jp/repo/files/medium/8fd368e63109056901adf5384c5e2bdcaa1607f4.jpg	https://iiif.dl.itc.u-tokyo.ac.jp/repo/api/items/22395			Catalogue of the Kawaguchi-Takakusu Collection of Sanskrit manuscripts. Note-book(松濤ノート)			https://iiif.dl.itc.u-tokyo.ac.jp/repo/iiif/65d62099-8834-2188-459e-b743d35d441c/manifest					71
Catalogue of the Kawaguchi-Takakusu Collection of Sanskrit manuscripts. Note-book 25	A100:1685	東京大学総合図書館 General Library in the University of Tokyo, JAPAN	Seiren Matunami	22 cm	f9ade4bd-7e77-22da-0fb2-6e9a70396039	f9ade4bd-7e77-22da-0fb2-6e9a70396039	https://iiif.dl.itc.u-tokyo.ac.jp/repo/s/matsunami/	https://iiif.dl.itc.u-tokyo.ac.jp/repo/s/matsunami/document/f9ade4bd-7e77-22da-0fb2-6e9a70396039	http://creativecommons.org/licenses/by/4.0/	https://iiif.dl.itc.u-tokyo.ac.jp/repo/files/medium/ce8485bdeab77a1158b245dea8c55315ab51c482.jpg	https://iiif.dl.itc.u-tokyo.ac.jp/repo/api/items/22396			Catalogue of the Kawaguchi-Takakusu Collection of Sanskrit manuscripts. Note-book(松濤ノート)			https://iiif.dl.itc.u-tokyo.ac.jp/repo/iiif/f9ade4bd-7e77-22da-0fb2-6e9a70396039/manifest					40
Catalogue of the Kawaguchi-Takakusu Collection of Sanskrit manuscripts. Note-book 26	A100:1685	東京大学総合図書館 General Library in the University of Tokyo, JAPAN	Seiren Matunami	22 cm	cce29331-33c5-a4c7-29af-415732362311	cce29331-33c5-a4c7-29af-415732362311	https://iiif.dl.itc.u-tokyo.ac.jp/repo/s/matsunami/	https://iiif.dl.itc.u-tokyo.ac.jp/repo/s/matsunami/document/cce29331-33c5-a4c7-29af-415732362311	http://creativecommons.org/licenses/by/4.0/	https://iiif.dl.itc.u-tokyo.ac.jp/repo/files/medium/aaa91b73b9001ed106bd2a5c2f70904d6865205c.jpg	https://iiif.dl.itc.u-tokyo.ac.jp/repo/api/items/22397			Catalogue of the Kawaguchi-Takakusu Collection of Sanskrit manuscripts. Note-book(松濤ノート)			https://iiif.dl.itc.u-tokyo.ac.jp/repo/iiif/cce29331-33c5-a4c7-29af-415732362311/manifest					40
Catalogue of the Kawaguchi-Takakusu Collection of Sanskrit manuscripts. Note-book 27	A100:1685	東京大学総合図書館 General Library in the University of Tokyo, JAPAN	Seiren Matunami	22 cm	cf6c9b5d-317d-2015-19b5-7f4b39ae7489	cf6c9b5d-317d-2015-19b5-7f4b39ae7489	https://iiif.dl.itc.u-tokyo.ac.jp/repo/s/matsunami/	https://iiif.dl.itc.u-tokyo.ac.jp/repo/s/matsunami/document/cf6c9b5d-317d-2015-19b5-7f4b39ae7489	http://creativecommons.org/licenses/by/4.0/	https://iiif.dl.itc.u-tokyo.ac.jp/repo/files/medium/990b8ddb156670a9daf4e8f7e6f97104ba44b791.jpg	https://iiif.dl.itc.u-tokyo.ac.jp/repo/api/items/22398			Catalogue of the Kawaguchi-Takakusu Collection of Sanskrit manuscripts. Note-book(松濤ノート)			https://iiif.dl.itc.u-tokyo.ac.jp/repo/iiif/cf6c9b5d-317d-2015-19b5-7f4b39ae7489/manifest					41
Catalogue of the Kawaguchi-Takakusu Collection of Sanskrit manuscripts. Note-book 28	A100:1685	東京大学総合図書館 General Library in the University of Tokyo, JAPAN	Seiren Matunami	22 cm	8cad3716-19aa-1ffb-6f88-b525a0a86c0d	8cad3716-19aa-1ffb-6f88-b525a0a86c0d	https://iiif.dl.itc.u-tokyo.ac.jp/repo/s/matsunami/	https://iiif.dl.itc.u-tokyo.ac.jp/repo/s/matsunami/document/8cad3716-19aa-1ffb-6f88-b525a0a86c0d	http://creativecommons.org/licenses/by/4.0/	https://iiif.dl.itc.u-tokyo.ac.jp/repo/files/medium/919843b81a3503133efc5f095c1bec7f7d2d092d.jpg	https://iiif.dl.itc.u-tokyo.ac.jp/repo/api/items/22399			Catalogue of the Kawaguchi-Takakusu Collection of Sanskrit manuscripts. Note-book(松濤ノート)			https://iiif.dl.itc.u-tokyo.ac.jp/repo/iiif/8cad3716-19aa-1ffb-6f88-b525a0a86c0d/manifest					40
Catalogue of the Kawaguchi-Takakusu Collection of Sanskrit manuscripts. Note-book 29	A100:1685	東京大学総合図書館 General Library in the University of Tokyo, JAPAN	Seiren Matunami	22 cm	fdc773de-55e2-2aba-2d07-21439d12781e	fdc773de-55e2-2aba-2d07-21439d12781e	https://iiif.dl.itc.u-tokyo.ac.jp/repo/s/matsunami/	https://iiif.dl.itc.u-tokyo.ac.jp/repo/s/matsunami/document/fdc773de-55e2-2aba-2d07-21439d12781e	http://creativecommons.org/licenses/by/4.0/	https://iiif.dl.itc.u-tokyo.ac.jp/repo/files/medium/5d32709520d42272a57362e0bc32613e92a8e2fe.jpg	https://iiif.dl.itc.u-tokyo.ac.jp/repo/api/items/22400			Catalogue of the Kawaguchi-Takakusu Collection of Sanskrit manuscripts. Note-book(松濤ノート)			https://iiif.dl.itc.u-tokyo.ac.jp/repo/iiif/fdc773de-55e2-2aba-2d07-21439d12781e/manifest					41
Catalogue of the Kawaguchi-Takakusu Collection of Sanskrit manuscripts. Note-book 30	A100:1685	東京大学総合図書館 General Library in the University of Tokyo, JAPAN	Seiren Matunami	22 cm	26bbe9de-1d48-8907-6a86-a98cb7379a79	26bbe9de-1d48-8907-6a86-a98cb7379a79	https://iiif.dl.itc.u-tokyo.ac.jp/repo/s/matsunami/	https://iiif.dl.itc.u-tokyo.ac.jp/repo/s/matsunami/document/26bbe9de-1d48-8907-6a86-a98cb7379a79	http://creativecommons.org/licenses/by/4.0/	https://iiif.dl.itc.u-tokyo.ac.jp/repo/files/medium/e22783edbe53bbcb3041e529263548a27f27ec62.jpg	https://iiif.dl.itc.u-tokyo.ac.jp/repo/api/items/22401			Catalogue of the Kawaguchi-Takakusu Collection of Sanskrit manuscripts. Note-book(松濤ノート)			https://iiif.dl.itc.u-tokyo.ac.jp/repo/iiif/26bbe9de-1d48-8907-6a86-a98cb7379a79/manifest					42
Catalogue of the Kawaguchi-Takakusu Collection of Sanskrit manuscripts. Note-book 31	A100:1685	東京大学総合図書館 General Library in the University of Tokyo, JAPAN	Seiren Matunami	22 cm	bc44a3f5-1eef-a511-3449-df32a2464223	bc44a3f5-1eef-a511-3449-df32a2464223	https://iiif.dl.itc.u-tokyo.ac.jp/repo/s/matsunami/	https://iiif.dl.itc.u-tokyo.ac.jp/repo/s/matsunami/document/bc44a3f5-1eef-a511-3449-df32a2464223	http://creativecommons.org/licenses/by/4.0/	https://iiif.dl.itc.u-tokyo.ac.jp/repo/files/medium/0034c09167a6e0ac2133a8c9287c74d3f5eba0ee.jpg	https://iiif.dl.itc.u-tokyo.ac.jp/repo/api/items/22402			Catalogue of the Kawaguchi-Takakusu Collection of Sanskrit manuscripts. Note-book(松濤ノート)			https://iiif.dl.itc.u-tokyo.ac.jp/repo/iiif/bc44a3f5-1eef-a511-3449-df32a2464223/manifest					41
Catalogue of the Kawaguchi-Takakusu Collection of Sanskrit manuscripts. Note-book 32	A100:1685	東京大学総合図書館 General Library in the University of Tokyo, JAPAN	Seiren Matunami	22 cm	0585a340-5f5d-7697-099d-80c46b9a82ea	0585a340-5f5d-7697-099d-80c46b9a82ea	https://iiif.dl.itc.u-tokyo.ac.jp/repo/s/matsunami/	https://iiif.dl.itc.u-tokyo.ac.jp/repo/s/matsunami/document/0585a340-5f5d-7697-099d-80c46b9a82ea	http://creativecommons.org/licenses/by/4.0/	https://iiif.dl.itc.u-tokyo.ac.jp/repo/files/medium/3e4954234102e3e5c0b4792381e46c7a3584b511.jpg	https://iiif.dl.itc.u-tokyo.ac.jp/repo/api/items/22403			Catalogue of the Kawaguchi-Takakusu Collection of Sanskrit manuscripts. Note-book(松濤ノート)			https://iiif.dl.itc.u-tokyo.ac.jp/repo/iiif/0585a340-5f5d-7697-099d-80c46b9a82ea/manifest					40
Catalogue of the Kawaguchi-Takakusu Collection of Sanskrit manuscripts. Note-book 33	A100:1685	東京大学総合図書館 General Library in the University of Tokyo, JAPAN	Seiren Matunami	22 cm	2dc15943-4526-6d80-39c4-f9cd7e2f93fd	2dc15943-4526-6d80-39c4-f9cd7e2f93fd	https://iiif.dl.itc.u-tokyo.ac.jp/repo/s/matsunami/	https://iiif.dl.itc.u-tokyo.ac.jp/repo/s/matsunami/document/2dc15943-4526-6d80-39c4-f9cd7e2f93fd	http://creativecommons.org/licenses/by/4.0/	https://iiif.dl.itc.u-tokyo.ac.jp/repo/files/medium/9934df592cacdf12f1e9c54818c3045a2a706e8b.jpg	https://iiif.dl.itc.u-tokyo.ac.jp/repo/api/items/22404			Catalogue of the Kawaguchi-Takakusu Collection of Sanskrit manuscripts. Note-book(松濤ノート)			https://iiif.dl.itc.u-tokyo.ac.jp/repo/iiif/2dc15943-4526-6d80-39c4-f9cd7e2f93fd/manifest					41
Catalogue of the Kawaguchi-Takakusu Collection of Sanskrit manuscripts. Note-book 34	A100:1685	東京大学総合図書館 General Library in the University of Tokyo, JAPAN	Seiren Matunami	22 cm	a84c4e8e-0b23-5a85-1388-2601789f36ef	a84c4e8e-0b23-5a85-1388-2601789f36ef	https://iiif.dl.itc.u-tokyo.ac.jp/repo/s/matsunami/	https://iiif.dl.itc.u-tokyo.ac.jp/repo/s/matsunami/document/a84c4e8e-0b23-5a85-1388-2601789f36ef	http://creativecommons.org/licenses/by/4.0/	https://iiif.dl.itc.u-tokyo.ac.jp/repo/files/medium/ef9882f0fb65407123b59738a00fb72b5e55ed9d.jpg	https://iiif.dl.itc.u-tokyo.ac.jp/repo/api/items/22405			Catalogue of the Kawaguchi-Takakusu Collection of Sanskrit manuscripts. Note-book(松濤ノート)			https://iiif.dl.itc.u-tokyo.ac.jp/repo/iiif/a84c4e8e-0b23-5a85-1388-2601789f36ef/manifest					41
Catalogue of the Kawaguchi-Takakusu Collection of Sanskrit manuscripts. Note-book 35	A100:1685	東京大学総合図書館 General Library in the University of Tokyo, JAPAN	Seiren Matunami	22 cm	ab2b0ed4-03c0-1273-39ac-da2b659062e5	ab2b0ed4-03c0-1273-39ac-da2b659062e5	https://iiif.dl.itc.u-tokyo.ac.jp/repo/s/matsunami/	https://iiif.dl.itc.u-tokyo.ac.jp/repo/s/matsunami/document/ab2b0ed4-03c0-1273-39ac-da2b659062e5	http://creativecommons.org/licenses/by/4.0/	https://iiif.dl.itc.u-tokyo.ac.jp/repo/files/medium/a26dd714c8f1a590294958f729380ba7139162d2.jpg	https://iiif.dl.itc.u-tokyo.ac.jp/repo/api/items/22406			Catalogue of the Kawaguchi-Takakusu Collection of Sanskrit manuscripts. Note-book(松濤ノート)			https://iiif.dl.itc.u-tokyo.ac.jp/repo/iiif/ab2b0ed4-03c0-1273-39ac-da2b659062e5/manifest					27
